case_id,question,expected_answer,predicted_answer,exact_match,similar_match,judge_label,judge_raw,judge_normalized
case_001,"What was the initial amount invested by David Miller, according to the bank statement?",5000.00,The bank statement indicates a transaction of 15000.00 AUD.,False,False,WRONG,WRONG,WRONG
case_001,"According to the promotional material, what is one of the key benefits of using the AI Extra trading platform?",Effortless Profits,"The AI algorithms handle everything, allowing users to simply observe their wealth grow.",False,False,PARTIAL,PARTIAL,PARTIAL
case_001,What was the purpose of the second transaction of 15000.00 AUD according to the SAR report?,Additional Investment,The purpose of the transaction was described as an additional investment.,False,False,PARTIAL,PARTIAL,PARTIAL
case_001,What type of document was requested from David Miller to expedite the withdrawal processing?,A copy of his government-issued ID,A copy of a government-issued ID was requested to speed up the withdrawal processing.,False,False,EXACT,EXACT,EXACT
case_001,"According to the screenshot of the website, what is a common phrase used in the testimonials?",Life-changing profits!,"Testimonials include phrases such as ""Life-changing profits!"" and ""I've never seen returns like this before!"".",False,False,PARTIAL,PARTIAL,PARTIAL
case_001,"What was the amount of the profit distribution received by David Miller, as indicated in email_2.txt?",1250.00,"David Miller received a profit distribution of $1,250.00.",False,False,EXACT,EXACT,EXACT
case_001,What is the primary reason given for requesting additional verification from David Miller in email_4.txt?,To ensure the security of his funds,Unusual activity was detected on the account.,False,False,PARTIAL,PARTIAL,PARTIAL
case_001,"Based on the SAR reports, which indicator of suspicious activity was flagged for the initial investment?",Unusual investment platform,An unusual investment platform was flagged as the indicator of suspicious activity for the initial investment.,False,False,EXACT,EXACT,EXACT
case_001,What type of communication was used to inform David about the processing of his withdrawal request?,Email,David was informed about the processing of his withdrawal request via email.,False,False,EXACT,EXACT,EXACT
case_001,"According to promotional material_2.txt, what characteristic is highlighted to create a sense of urgency?",Limited spots available,Limited spots are available in the exclusive AI Extra program.,False,False,PARTIAL,PARTIAL,PARTIAL
case_002,What initial amount did Hans Meier transfer to Innovative AIX?,5000 EUR,The email does not specify the initial amount Hans Meier transferred to Innovative AIX. It mentions a 2% verification fee based on the total amount to be withdrawn.,False,False,WRONG,WRONG,WRONG
case_002,"According to the first SAR report, what is the recipient country of the funds transferred to Innovative AIX?",Belize,The recipient country is Belize.,False,False,EXACT,EXACT,EXACT
case_002,What type of activity prompted the email requesting passport verification from Innovative AIX?,Unusual activity on the account,Unusual activity was detected on the account.,False,True,PARTIAL,PARTIAL,PARTIAL
case_002,What reason did Innovative AIX provide for the requested verification fees in David Okoro's email?,To unlock funds,The email states that the fees are needed to unlock the funds.,False,False,EXACT,EXACT,EXACT
case_002,What type of document is requested in the email from Innovative AIX support?,A copy of your passport,A copy of a passport is requested.,False,False,EXACT,EXACT,EXACT
case_002,Which entities are mentioned in the promotional posts but are absent from the SAR reports?,None,"This query cannot be answered from the provided information. The context describes SAR reports, not promotional posts.",False,False,WRONG,WRONG,WRONG
case_002,"Based on the SAR reports, what concerning aspect of Innovative AIX’s operation is highlighted regarding jurisdictions?",High-risk jurisdiction,A high-risk jurisdiction is mentioned.,False,False,EXACT,EXACT,EXACT
case_002,What was the amount of the withdrawal described in SAR 2?,1000 EUR,The withdrawal was 1000 EUR.,False,False,EXACT,EXACT,EXACT
case_002,What did the screenshot of the Innovative AIX dashboard indicate about user profits?,Your profits are growing exponentially!,The screenshot displayed that user profits were growing exponentially.,False,False,PARTIAL,PARTIAL,PARTIAL
case_002,What is the email address provided for David Okoro?,david.okoro.investments@gmail.com,David Okoro's email address is david.okoro.investments@gmail.com.,False,False,PARTIAL,PARTIAL,PARTIAL
case_003,"According to the initial Suspicious Activity Report (SAR), what type of transaction triggered the suspicion?",A large credit to an overseas account with unusual activity.,The transaction type that triggered the suspicion was a credit.,False,False,PARTIAL,PARTIAL,PARTIAL
case_003,"What was the amount of the initial credit to FX Pro Advisor, as recorded in the bank statement?",5000 EUR,This information cannot be determined from the provided details.,False,False,WRONG,WRONG,WRONG
case_003,What reason is listed for the denied withdrawal attempt in SAR 2?,Account restrictions,"The withdrawal attempt was denied due to account restrictions, and the reason provided was potential investment fraud.",False,False,PARTIAL,PARTIAL,PARTIAL
case_003,"Based on the promotional material, what is a key benefit that FX Pro Advisor claims to offer potential clients?",Daily Expert Trading Signals,FX Pro Advisor states that it provides the tools and knowledge needed to succeed in Forex trading.,False,False,PARTIAL,PARTIAL,PARTIAL
case_003,What does the screenshot of the website reveal about the terms and conditions of FX Pro Advisor?,They are difficult to find and very lengthy.,The terms and conditions are not easily located and are quite extensive.,False,False,PARTIAL,PARTIAL,PARTIAL
case_003,What is the stated balance of Karl Meier's account in the email from FX Pro Advisor?,"12,500 EUR","The current balance is EUR 12,500.",False,False,EXACT,EXACT,EXACT
case_003,"Referring to SAR 3, what was the purpose of the transaction listed?",Information,The purpose of the transaction was for information.,False,False,PARTIAL,PARTIAL,PARTIAL
case_003,"According to the bank statement, when was an incoming transfer of 2000 EUR received?",2023-08-15,"An incoming transfer of 2000 EUR was received on August 15, 2023.",False,False,PARTIAL,PARTIAL,PARTIAL
case_003,What type of asset did Karl Meier transfer to an unknown entity in December 2023?,BTC,Karl Meier transferred an amount of 0 in EUR in July 2023.,False,False,WRONG,WRONG,WRONG
case_003,What is the reported country of origin for FX Pro Advisor’s bank account?,BZ,The company's location is displayed on a map as being in Belize.,False,False,PARTIAL,PARTIAL,PARTIAL
case_004,"What is the stated purpose of QuantumLeap AI, according to its promotional brochure?",To utilize a proprietary artificial intelligence algorithm to analyze market trends and execute trades.,QuantumLeap AI aims to revolutionize investment by employing a unique artificial intelligence algorithm to examine market trends and carry out trades with remarkable accuracy.,False,False,PARTIAL,PARTIAL,PARTIAL
case_004,"According to David Miller's email to Adrian Blake, what was David's initial interest in QuantumLeap AI?",Innovative investment strategies.,David Miller had an interest in innovative investment strategies.,False,False,EXACT,EXACT,EXACT
case_004,What is the location listed for Adrian Blake on his LinkedIn profile?,"Belize City, Belize","Adrian Blake's location is listed as Belize City, Belize.",False,False,EXACT,EXACT,EXACT
case_004,"What cryptocurrency exchange did David Miller transfer funds to, as documented in SAR-2024-01-10-002?",Binance,David Miller transferred funds to Binance.,False,False,EXACT,EXACT,EXACT
case_004,What was the total gain shown in the trading performance screenshot for the period from 2023-09-28 to 2023-12-05?,$3500,The total gain was $3500.,False,False,EXACT,EXACT,EXACT
case_004,"According to the SAR reports, what is a common finding associated with David Miller's transactions?",Potential investment fraud / Unusual transfer to offshore account / Funds transferred to cryptocurrency exchange after initial investment.,Possible fraud and potential investment fraud are findings associated with David Miller's transactions.,False,False,PARTIAL,PARTIAL,PARTIAL
case_004,"Based on the email from Adrian Blake (email_3.txt), what action has been taken regarding David Miller's account?",Trading privileges have been temporarily suspended.,Trading privileges have been temporarily suspended.,True,True,EXACT,EXACT,EXACT
case_004,"What was the initial investment made by David Miller, based on the bank statements and SAR reports?",$50000.00,"The initial investment made was 50,000.00 CAD.",False,False,PARTIAL,PARTIAL,PARTIAL
case_004,"Besides Belize International Bank, which other financial institution is mentioned in the SAR reports related to David Miller's account?",Binance,Canadian Risk Bank is mentioned as a financial institution.,False,False,WRONG,WRONG,WRONG
case_004,What is the URL provided in the trading platform login details?,https://secure.quantumleap.ai/login,The URL for the trading platform login is https://secure.quantumleap.ai/login.,False,False,EXACT,EXACT,EXACT
case_005,"What is the primary purpose of AlphaTrade AI, according to its promotional materials?",To revolutionize investment strategy by using AI algorithms to analyze market trends and identify profitable opportunities.,AlphaTrade AI aims to transform investment strategies. It analyzes market trends to find profitable opportunities.,False,False,PARTIAL,PARTIAL,PARTIAL
case_005,"According to the email from AlphaTrade AI, what is the first step a new user needs to take?",Log in to their account and start deploying automated trading strategies.,"To begin, a new user should log in to their account and start deploying the automated trading strategies.",False,True,EXACT,EXACT,EXACT
case_005,What is the suspicion reason provided in SAR 1 regarding the transactions?,Unusual volume of transfers to overseas accounts with a focus on cryptocurrency platforms.,The reason for suspicion in SAR 1 is an unusual volume of transfers to overseas accounts with a focus on cryptocurrency platforms.,False,True,EXACT,EXACT,EXACT
case_005,What information does the withdrawal request email from AlphaTrade AI require from Werner?,"A copy of his government-issued identification, proof of address (utility bill), and a screenshot of his cryptocurrency wallet.","The withdrawal request email asks for a copy of a government-issued identification, proof of address (utility bill), and a screenshot of a cryptocurrency wallet.",False,True,EXACT,EXACT,EXACT
case_005,What did the screenshot of the AlphaTrade AI platform dashboard show regarding the current profit?,"+€2,500.00 (today).","The dashboard indicated a current profit of +€2,500.00 (today).",False,False,EXACT,EXACT,EXACT
case_005,Which entity is consistently listed as the receiver account in the SAR reports and the bank statement?,Global Digital Assets LLC,US9876543210 is consistently listed as the receiver account.,False,False,WRONG,WRONG,WRONG
case_005,"Besides initial account setup, what is a common action Werner takes, according to the bank statements?",Transferring funds to AlphaTrade AI.,"The bank statements indicate that Werner initiates transfers, and subsequently, the customer reports fraudulent activity and unauthorized transfers.",False,False,PARTIAL,PARTIAL,PARTIAL
case_005,What does the promotional material 2 offer to potential users?,A FREE consultation with AI Trading Experts.,New users can get a complimentary consultation with AI Trading Experts when they sign up for AlphaTrade AI.,False,False,PARTIAL,PARTIAL,PARTIAL
case_005,What action prompted the creation of SAR 2?,"The customer attempted withdrawal and the request was denied, prompting a follow-up report.","A customer attempted a withdrawal and the request was denied, which prompted a follow-up report.",False,True,EXACT,EXACT,EXACT
case_005,What is the main concern expressed in SAR 3 regarding Werner’s account?,Potential fraudulent activity and unauthorized transfers; the account may be compromised.,"The customer reports fraudulent activity and unauthorized transfers. An attempted withdrawal was denied, and the account may be compromised.",False,False,PARTIAL,PARTIAL,PARTIAL
case_006,"What was the initial investment amount Klaus Richter made to the AI Trading Solutions platform, according to the Suspicious Activity Report?",€5000,Klaus Richter deposited €5000.,False,False,EXACT,EXACT,EXACT
case_006,"According to the promotional material, what is the minimum investment required to start using the AI trading platform?",€500,The minimum investment to begin is €500.,False,False,EXACT,EXACT,EXACT
case_006,What reason did AI Trading Solutions give Klaus Richter for requesting an additional transfer of €500?,To complete the verification process,There is no mention of a request for an additional transfer of €500. The minimum investment is stated to be €500.,False,False,WRONG,WRONG,WRONG
case_006,"Based on the SAR reports, what two suspicious indicators were initially flagged related to Klaus Richter's investment?","Unusual investment destination, High transaction amount for individual",The initial investment was flagged due to an unusual investment destination and a high transaction amount for an individual.,False,False,EXACT,EXACT,EXACT
case_006,"What did Daniel Okoro, Klaus Richter's account manager, advise him to do to maximize growth potential?",Reinvesting your profits,Daniel Okoro suggested reinvesting profits to maximize growth potential.,False,False,EXACT,EXACT,EXACT
case_006,"According to the screenshot, what balance did Klaus Richter’s account show on the AI trading platform?","€16,500","The account balance was shown as €16,500.",False,False,EXACT,EXACT,EXACT
case_006,"What actions did Deutsche Bank take regarding Klaus Richter’s attempted withdrawal of €10,000, as reported in SAR 2?",Request denied due to verification issues,The request was denied due to verification issues.,False,True,EXACT,EXACT,EXACT
case_006,What date does the SAR report related to the verification fees payment show?,2023-11-15,The SAR report concerning the verification fees payment indicates a date of 2023-11-20.,False,False,WRONG,WRONG,WRONG
case_006,What was the stated purpose of the account named 'Global Verification Services' in the email requesting verification?,To complete the verification process,The account named 'Global Verification Services' was stated to be for completing the verification process.,False,False,EXACT,EXACT,EXACT
case_006,Which entity is associated with the SWIFT code FRBBGB2L in the email requesting Klaus Richter to transfer funds?,First Mercantile Bank,The bank associated with the SWIFT code FRBBGB2L is First Mercantile Bank.,False,False,EXACT,EXACT,EXACT
case_007,"What is the primary method used by Crypto Innovations to attract investors, as indicated in the promotional materials?",Highlighting high-yield returns and an AI-powered trading system.,Crypto Innovations utilizes incentives like a 50% bonus on initial investments and highlights high-yield returns to attract investors. They also emphasize the use of AI technology and a secure platform.,False,False,PARTIAL,PARTIAL,PARTIAL
case_007,"According to the SAR reports, what is the customer's address?","Musterstrasse 1, 10115 Berlin","The customer's address is Musterstrasse 1, 10115 Berlin.",False,False,EXACT,EXACT,EXACT
case_007,"What was the initial investment amount made by Hans Baumann in November 2023, as shown in the bank statement?",5000 EUR,The investment made in November 2023 was 5000.00 EUR.,False,False,PARTIAL,PARTIAL,PARTIAL
case_007,"Based on the Telegram conversation, what unrealistic promise was initially made to Hans Baumann regarding daily profit?",A 15% daily profit,"Initially, it was stated that the AI system was generating a 15% daily profit.",False,False,PARTIAL,PARTIAL,PARTIAL
case_007,What are the two file types that contain promotional materials for Crypto Innovations?,Email and text files,The promotional materials are contained within text files.,False,False,PARTIAL,PARTIAL,PARTIAL
case_007,What is the stated reason for the investment in Crypto Innovations according to the description field in the SAR?,Investment in Crypto Innovations,"The system uses AI technology to identify and exploit market inefficiencies, generating exceptional returns for investors.",False,False,WRONG,WRONG,WRONG
case_007,How does the website screenshot describe the platform's design?,"Modern, sleek design with a dark blue and white color scheme.","The website has a modern, sleek design with a dark blue and white color scheme.",False,True,EXACT,EXACT,EXACT
case_007,Which entity's name appears as the recipient in all the suspicious activity entries in the SAR reports?,Crypto Innovations,Crypto Innovations is the recipient's name in all suspicious activity entries.,False,False,EXACT,EXACT,EXACT
case_007,What was the purpose of the email sent from Chidi Okeke to Hans Baumann in February 2024?,To encourage Hans Baumann to make an additional investment.,The email was sent to inform Hans about the positive performance of his investment and to suggest making an additional investment to capitalize on market opportunities.,False,False,PARTIAL,PARTIAL,PARTIAL
case_007,What change in Hans Baumann’s sentiment is indicated in the Telegram conversation?,He expressed concerns regarding investment returns and doubts about the legitimacy of the scheme.,"Initially, Hans Baumann expressed excitement about the investment opportunities. However, he later voiced concerns and a feeling of uncertainty, suggesting a shift in his sentiment.",False,False,PARTIAL,PARTIAL,PARTIAL
case_008,What was the initial minimum investment required to join the AI trading platform?,"€5,000","The minimum investment is €5,000.",False,False,EXACT,EXACT,EXACT
case_008,"According to the promotional material, what is one of the key benefits of using the AI Trader platform?",Risk-Free Returns,The platform utilizes artificial intelligence to analyze market trends and identify opportunities.,False,False,WRONG,WRONG,WRONG
case_008,What was the date of the first Suspicious Activity Report (SAR) filed concerning Michael Weber's account?,2023-12-18,"The first Suspicious Activity Report was filed on December 18, 2023.",False,False,EXACT,EXACT,EXACT
case_008,"What cryptocurrency did Michael Weber purchase with his initial investment, and what was the amount in EUR?","BTC, €5000","Michael Weber purchased Bitcoin (BTC) with his initial investment. The amount was €5,000.",False,False,EXACT,EXACT,EXACT
case_008,"Based on the email sent to Michael, what does AI Trader encourage him to do to maximize returns?",Increase his investment,"To maximize returns, AI Trader suggests increasing the investment.",False,False,EXACT,EXACT,EXACT
case_008,What is the Telegram ID provided to Michael for communication with his account manager?,@DavidMillerAI,The Telegram ID provided for communication with the account manager is @DavidMillerAI.,False,False,EXACT,EXACT,EXACT
case_008,What was the described design and key elements of the AI Trader website?,"Sleek, modern design with a predominantly blue and white color scheme. Rotating banner showcasing graphs trending upwards and testimonials. Prominent text proclaiming 'Unlock the Future of Investing with AI.' Call-to-action button encouraging visitors to 'Get Started Now.'","The website has a modern design, utilizing a blue and white color scheme. A rotating banner displays upward-trending graphs and testimonials. The site highlights its AI technology and promises risk-free returns, with a button prompting visitors to begin.",False,False,PARTIAL,PARTIAL,PARTIAL
case_008,What is the status of Michael Weber's withdrawal request as reported in the third SAR?,Pending,The withdrawal was denied.,False,False,WRONG,WRONG,WRONG
case_008,Which entities are associated with Michael Weber's account as named in the SAR reports?,"Deutsche Bank, AI Trading Platform","The account identifier is DExxxxxxxxxxxxx. Deutsche Bank is the reporting bank. The entities associated with the account are AI Trading Platform, Crypto Exchange (Unknown), and an offshore country.",False,False,PARTIAL,PARTIAL,PARTIAL
case_008,"Based on the promotional material, what is one potential advantage of signing up for AI Trader during the limited-time offer?",A FREE consultation with our expert investment team,New members will receive a complimentary consultation with a team of investment experts.,False,False,EXACT,EXACT,EXACT
case_009,"According to the initial welcome email, what is the stated purpose of AIX Capital?","To analyze market trends and execute trades with unparalleled precision, generating exceptional returns.","AIX Capital's stated purpose is to use AI algorithms to analyze market trends and execute trades with precision, generating exceptional returns.",False,False,PARTIAL,PARTIAL,PARTIAL
case_009,"What is the initial investment amount made by David Miller to AIX Capital, as recorded in the first SAR?",5000.00,The initial investment amount was 5000.00 USD.,False,False,PARTIAL,PARTIAL,PARTIAL
case_009,What reason did the First National Bank provide in the first SAR for their suspicion regarding David Miller's transaction to AIX Capital?,Unusual investment destination and lack of transparency regarding the platform's operations.,The bank's suspicion stemmed from an unusual investment destination and a lack of transparency concerning the platform's operations.,False,False,EXACT,EXACT,EXACT
case_009,"What prompted David Miller to make an additional investment of $10,000, according to the second SAR?",Reported pressure from a platform representative.,A platform representative pressured David Miller to make the additional investment.,False,False,EXACT,EXACT,EXACT
case_009,What does the promotional material claim AIX Capital offers investors?,"High returns, automated trading, a user-friendly interface, and 24/7 support.","AIX Capital claims to offer investors the ability to achieve significantly higher returns than conventional investments through automated trading, facilitated by a user-friendly interface and supported by a team of experts.",False,False,PARTIAL,PARTIAL,PARTIAL
case_009,What is the stated reason for the failed withdrawal attempt recorded in the third SAR?,Funds unavailable. Platform unresponsive.,"The withdrawal attempt failed because the platform was unresponsive, and there were mounting concerns about its legitimacy.",False,False,PARTIAL,PARTIAL,PARTIAL
case_009,"According to the email from Alex Volkov, what specific market is being targeted for potential returns?",The cryptocurrency market.,The email mentions a cryptocurrency market that could potentially generate substantial returns.,False,False,PARTIAL,PARTIAL,PARTIAL
case_009,What does the screenshot of the AI platform show in terms of potential profit and risk?,Simulated performance. Results not guaranteed.,"The platform indicates a total balance of $12,500.00, comprised of $5,000.00 in cash and $7,500.00 in assets managed by AI. A disclaimer clarifies that the performance shown is simulated and results are not guaranteed.",False,False,PARTIAL,PARTIAL,PARTIAL
case_009,"Based on the provided bank statements, what sequence of events occurred between January 15th and July 12th, 2023? List them in chronological order.","Incoming Transfer of 1000.00, AIX Capital Investment of -5000.00, Interest Earned of 1.23, Utility Bill of -150.00, Restaurant of -50.00, Interest Earned of 1.23, Online Purchase of -25.00, AIX Capital Investment of -10000.00, Interest Earned of 1.23, Withdrawal Attempt - Declined of -7500.00","Here's a chronological sequence of events between January 15th and July 12th, 2023, as detailed in the bank statements:

1.  An incoming transfer of 1000.00 occurred, resulting in a balance of 15000.00.
2.  An investment with AIX Capital Investment resulted in a transaction of -5000.00, bringing the balance to 10000.00.
3.  Interest was earned, increasing the balance by 1.23 to reach 10001.23.
4.  A purchase at a grocery store incurred a charge of -75.00, lowering the balance to 9926.23.
5.  A utility bill payment of -150.00 reduced the balance to 9776.23.
6.  A restaurant expense of -50.00 decreased the balance to 9726.23.
7.  Interest was earned again, adding 1.23 to the balance, which became 9727.46.
8.  An online purchase of -25.00 lowered the balance to 9702.46.
9.  Another investment with AIX Capital Investment resulted in a transaction of -10000.00, bringing the balance to -776.23.
10. Interest was earned, increasing the balance by 1.23 to reach -774.99.
11. A withdrawal attempt was made for -7500.00, but was declined, so the balance remained at -774.99.",False,False,WRONG,WRONG,WRONG
case_009,"Which entities are directly involved in the transactions related to AIX Capital, as evidenced across multiple files?","David Miller, AIX Capital, First National Bank",AIX Capital utilizes artificial intelligence to analyze market trends and execute trades. The AIX Capital team and a dedicated support team are available to assist users.,False,False,WRONG,WRONG,WRONG
case_010,"According to the SAR filed by Deutsche Bank, what was the purpose indicated for the transaction involving Hans Baumann?",Investment,"The purpose indicated for the transaction involving Hans Baumann was ""Test Withdrawal"" and ""Investment.""",False,False,PARTIAL,PARTIAL,PARTIAL
case_010,"What was the amount of the initial investment made by Hans Baumann, as recorded in the bank statement?",5000.00,The initial investment made by Hans Baumann was 5000.00 EUR.,False,False,PARTIAL,PARTIAL,PARTIAL
case_010,"Based on the telegram chat export, what percentage daily returns were initially claimed by 'David (AI Trading Pro)'?",15-20%,David (AI Trading Pro) initially stated that the AI was seeing consistent 15-20% daily returns.,False,False,PARTIAL,PARTIAL,PARTIAL
case_010,"What was the suspicious activity flagged in the SAR referencing Hans Baumann's 10,000 EUR transaction on December 5th?",Multiple large deposits to a foreign account with limited public information.,Multiple large deposits to a foreign account with limited public information was the suspicious activity flagged.,False,True,EXACT,EXACT,EXACT
case_010,What is the email address used by the AI Trading Pro team?,info@ai-trading-pro.com,The email address used by the AI Trading Pro team is info@ai-trading-pro.com.,False,False,EXACT,EXACT,EXACT
case_010,What was the purpose listed for the transaction with amount 0.01 EUR on 2024-01-05?,Test Withdrawal,"I am sorry, but the provided information does not contain a transaction with an amount of 0.01 EUR on 2024-01-05.",False,False,WRONG,WRONG,WRONG
case_010,Which entity sent the email regarding a withdrawal request processing update to Hans Baumann?,Global Investments Ltd.,The Global Investments Ltd. Support Team sent the email to Hans Baumann.,False,False,PARTIAL,PARTIAL,PARTIAL
case_010,"What information, if any, is provided in the promotional material about the risk associated with using the AI trading technology?","Low Risk, High Reward",The promotional material states that the investment strategy is optimized to maximize profits while minimizing risks.,False,False,PARTIAL,PARTIAL,PARTIAL
case_010,List the entities that appear in both the promotional materials and the email correspondence.,"AI Trading Pro, Global Investments Ltd.",Hans Baumann appears in both the promotional materials and the email correspondence.,False,False,WRONG,WRONG,WRONG
case_010,What date does the SAR referencing the test withdrawal occur?,05-01-2024,The SAR referencing the test withdrawal occurred on 2024-01-05.,False,False,EXACT,EXACT,EXACT
case_011,What was the initial amount Markus Richter transferred to AI Trading Pro?,5000.00 EUR,The provided information does not mention any amount Markus Richter transferred.,False,False,WRONG,WRONG,WRONG
case_011,"According to promotional material, what is one of the advertised benefits of joining AI Trading Pro?",Potential for High Returns,One benefit of joining AI Trading Pro is that it uses advanced artificial intelligence to predict market trends and maximize profits.,False,False,PARTIAL,PARTIAL,PARTIAL
case_011,What is the name of the bank Markus Richter's account is with?,Deutsche Bank,Markus Richter's account is with Deutsche Bank.,False,False,EXACT,EXACT,EXACT
case_011,"Besides the initial investment, how much more money was requested from Markus Richter to 'Unlock Profits'?",2500.00 EUR,An additional €2500 was requested to 'Unlock Profits'.,False,False,EXACT,EXACT,EXACT
case_011,What reason did AI Trading Pro cite for needing an additional €5000 deposit to process Markus's withdrawal?,Transaction fees and regulatory compliance,The platform mentioned recent market volatility as the reason for needing an additional €5000 to cover transaction fees and regulatory compliance.,False,False,PARTIAL,PARTIAL,PARTIAL
case_011,What does the screenshot of the AI Trading Pro platform display?,"A graph of fluctuating lines, an account balance of €7500.00, a 'Withdraw Funds' button, and a note about an unlocking fee.","The screenshot shows a dashboard with a graph depicting market activity, an account balance of €7500.00, and a button to withdraw funds. A note indicates a fee is needed for withdrawals.",False,False,PARTIAL,PARTIAL,PARTIAL
case_011,Which bank is listed in the SAR report relating to the second transfer of 2500 EUR?,Belize Bank International Limited,Deutsche Bank is listed in the SAR report relating to the second transfer of 2500 EUR.,False,False,WRONG,WRONG,WRONG
case_011,"Based on the promotional material, what is one advantage of AI Trading Pro's technology?",Uses cutting-edge artificial intelligence to analyze market trends.,AI Trading Pro utilizes proven technology.,False,False,PARTIAL,PARTIAL,PARTIAL
case_011,"What appears to be the sequence of events related to Markus Richter's interactions with AI Trading Pro, starting with the first deposit?","Initial investment of 5000 EUR, additional investment of 2500 EUR, request for 2500 EUR to unlock profits, request for 5000 EUR to cover transaction fees and regulatory compliance.","Markus Richter is invited to join the AI Trading Pro community. He is then instructed to log in to his account via a provided link to begin potentially generating returns. If he has any questions, he can reach out to the support team.",False,False,WRONG,WRONG,WRONG
case_011,What is the email address used for communication with Markus Richter regarding his AI Trading Pro account?,markus.richter@email.de,The email address used for communication is support@aitradingpro.com.,False,False,WRONG,WRONG,WRONG
case_012,What is the name of the AI trading platform being promoted?,Aetherium Alpha,The AI trading platform is called Aetherium Alpha.,False,False,EXACT,EXACT,EXACT
case_012,"What is the initial recommended investment amount for Aetherium Alpha, as suggested by the advisor?","€5,000",There is no mention of an initial recommended investment amount. A confidential consultation and personalized investment plan can be arranged by replying to the email or calling a provided phone number.,False,False,WRONG,WRONG,WRONG
case_012,"According to the SAR reports, what is the recipient account for the transfers related to Aetherium Alpha?",GB22NWBK20701724542814,The recipient account for the transfers related to Aetherium Alpha is GB22NWBK20701724542814.,False,False,EXACT,EXACT,EXACT
case_012,"What type of fee did Klaus Werner reportedly have to pay in January 2024, as mentioned in SAR 3?",Technical Issue Fee,The customer was asked to pay a 'technical issue fee'.,False,False,PARTIAL,PARTIAL,PARTIAL
case_012,"Based on the promotional materials, what is a key benefit of using Aetherium Alpha?",AI-Powered Trading,Aetherium Alpha utilizes AI technology to generate profits in the markets and works around the clock.,False,False,PARTIAL,PARTIAL,PARTIAL
case_012,What activity type is listed in the SAR reports related to Klaus Werner's transactions?,Unusual Transaction,The activity type listed is Unusual Transaction.,False,False,EXACT,EXACT,EXACT
case_012,What describes the aesthetic of the website for Aetherium Alpha?,"modern, clean design with a dark blue and white color scheme","The website has a modern, clean design with a dark blue and white color scheme and uses a professional, trustworthy aesthetic.",False,False,PARTIAL,PARTIAL,PARTIAL
case_012,"According to the first SAR report, what was the initial finding regarding the transfers to Aetherium Alpha Investments?",Potential investment fraud - overseas transfer to unknown entity,The initial finding was potential investment fraud - overseas transfer to an unknown entity.,False,True,EXACT,EXACT,EXACT
case_012,What is the sender account used by Klaus Werner for the investments?,DE78123456781234567890,The sender account used is DE78123456781234567890.,False,False,EXACT,EXACT,EXACT
case_012,What does promotional material 2 suggest about joining Aetherium Alpha?,"Limited spots available, act fast!","There are a limited number of opportunities to join, so a swift response is encouraged. It is described as an incredible chance to increase wealth through AI.",False,False,PARTIAL,PARTIAL,PARTIAL
case_013,"According to the SAR report from Sparkasse Nürnberg, what was the transaction description associated with the initial deposit?",Online investment platform deposit,The initial deposit was described as an online investment platform deposit.,False,False,EXACT,EXACT,EXACT
case_013,What percentage monthly return did the email from Profit Horizon initially promise?,15%,The email mentions the possibility of earning 15% monthly.,False,False,PARTIAL,PARTIAL,PARTIAL
case_013,"What was the amount of the withdrawal attempt from Profit Horizon to Klaus Breitling's account, as recorded in the Globex Bank SAR?",5000.00,The withdrawal attempt involved an amount of 5000.00 EUR.,False,False,PARTIAL,PARTIAL,PARTIAL
case_013,"Based on the promotional material, what is one of the key benefits advertised for joining the Profit Horizon VIP Club?",Exclusive Access to Advanced Strategies,A key benefit for joining the Profit Horizon VIP Club is receiving a free consultation with AI Trading Experts.,False,False,WRONG,WRONG,WRONG
case_013,What is the purpose of the link provided in the account closure notification email?,To allow Klaus to provide documentation to avoid permanent account closure,The link is provided for verification purposes.,False,False,PARTIAL,PARTIAL,PARTIAL
case_013,What is the stated reason for the temporary suspension of Klaus's Profit Horizon account?,Recent regulatory changes and a review of customer accounts,"Recent regulatory changes and a review of customer accounts led to the temporary suspension, pending further verification.",False,False,EXACT,EXACT,EXACT
case_013,Which entities are mentioned in promotional material and the SAR report from Sparkasse Nürnberg?,Profit Horizon Ltd and Klaus Breitling,"The entities mentioned are Klaus Breitling, Profit Horizon Ltd, Globex Bank, and Sparkasse Nürnberg.",False,False,PARTIAL,PARTIAL,PARTIAL
case_013,What does the screenshot of the Telegram group indicate about the platform?,A community of users promoting the platform and reinforcing its legitimacy,It suggests a community of users actively promoting the platform and bolstering its perceived credibility.,False,False,PARTIAL,PARTIAL,PARTIAL
case_013,"Besides the initial deposit, what other expense is listed in Klaus’s bank statement?",Restaurant Dinner,"There is a grocery shopping expense, an online payment, a restaurant dinner, an automatic payment, a withdrawal attempt, and a monthly rent.",False,False,PARTIAL,PARTIAL,PARTIAL
case_013,What type of activity triggered the Sparkasse Nürnberg's filing of a police report?,Suspicious investment activity,A police report was filed regarding suspicious investment activity.,False,False,EXACT,EXACT,EXACT
case_014,"What is the stated average weekly return for members of the NovaTrade system, according to the initial invitation email?",18%,Members are currently seeing average returns of 18% per week.,False,False,PARTIAL,PARTIAL,PARTIAL
case_014,What specific detail did Hans Baumann request from the Global Assets Team following the initial invitation?,More detail on the minimum investment required and the typical withdrawal process.,He asked for more detail on the minimum investment required and the typical withdrawal process.,False,True,EXACT,EXACT,EXACT
case_014,"According to the SAR reports, what is the account number associated with the transactions to NovaTrade AG?",1234567890,The account number associated with the transactions to NovaTrade AG is 1234567890.,False,False,PARTIAL,PARTIAL,PARTIAL
case_014,"What is the initial amount of the first transfer made by Hans Baumann to NovaTrade AG, as documented in the bank statement?",5000.00 EUR,The first transfer to NovaTrade AG was 5000.00 EUR.,False,False,PARTIAL,PARTIAL,PARTIAL
case_014,"Based on the Telegram conversation, what is the minimum deposit amount David Sterling suggests to maximize Hans Baumann’s gains?",2000 EUR,"David Sterling suggests a minimum of €2,000 to maximize gains.",False,False,EXACT,EXACT,EXACT
case_014,"Describe the overall impression conveyed by the NovaTrade platform login screen, as depicted in the screenshot.","Legitimate and trustworthy, designed to instill confidence in potential users.",The login screen presents a professional design with a dark blue color scheme and a logo featuring a stylized 'N' within a circular chart. It aims to instill confidence in potential users and conveys legitimacy and trustworthiness.,False,False,PARTIAL,PARTIAL,PARTIAL
case_014,What does the promotional material highlight as a key benefit of the NovaTrade system?,Consistent profits while users sleep,The promotional material emphasizes AI-Driven Trading as a key benefit.,False,False,WRONG,WRONG,WRONG
case_014,"What was the reason given for denying Hans Baumann’s attempted withdrawal, according to SAR-2024-01-25-003?",Lack of clear explanation for denial,The attempted withdrawal was denied due to a potential investment fraud and a lack of clear explanation for the denial.,False,False,PARTIAL,PARTIAL,PARTIAL
case_014,Which bank is listed as the beneficiary bank for the transfers to NovaTrade AG?,Sterling Bank Nigeria Limited,Sterling Bank Nigeria Limited is listed as the beneficiary bank for the transfers to NovaTrade AG.,False,False,EXACT,EXACT,EXACT
case_014,Which entities are linked to both an investment opportunity and a wire transfer destination?,"Global Assets Team, NovaTrade AG",The Global Assets Team is linked to an investment opportunity and is referenced in an email. Hans Baumann is linked to an investment opportunity and has inquired about the withdrawal process.,False,False,WRONG,WRONG,WRONG
case_015,"What is the stated purpose of Phoenix Rise AI, according to its promotional materials?",To leverage artificial intelligence to identify and capitalize on lucrative trading opportunities in the global markets.,Phoenix Rise AI is designed to handle trading so users can earn profits.,False,False,PARTIAL,PARTIAL,PARTIAL
case_015,What initial amount did David Miller invest with Phoenix Rise AI?,5000 AUD,The provided information does not specify the initial amount David Miller invested. It mentions a 10% bonus on the first investment.,False,False,WRONG,WRONG,WRONG
case_015,"According to the SAR reports, what is the name of the bank where Phoenix Rise Investments Ltd holds its account?",First Central Bank (Cyprus),Phoenix Rise Investments Ltd holds its account at First Central Bank (Cyprus).,False,False,EXACT,EXACT,EXACT
case_015,What reason did Phoenix Rise AI give for temporarily suspending David Miller's withdrawal request?,A security verification process requiring account verification through a questionnaire and documentation submission.,A security verification process is the reason for the temporary suspension.,False,False,PARTIAL,PARTIAL,PARTIAL
case_015,"Based on the screenshot description, what was prominently displayed regarding the platform's performance?",A 237% return in the last 30 days.,The dashboard indicates a 237% return in the last 30 days.,False,False,EXACT,EXACT,EXACT
case_015,What was the description of the transaction made on 2023-12-15?,Small profit withdrawal,The transaction on 2023-12-15 was described as a withdrawal.,False,False,PARTIAL,PARTIAL,PARTIAL
case_015,What promotional offer was mentioned in the platform promotion materials?,A 10% bonus on the first investment.,A 10% bonus is offered on the first investment.,False,True,EXACT,EXACT,EXACT
case_015,"According to the bank statements, what was David Miller's balance after the initial investment into Phoenix Rise AI?",85000 AUD,The provided information does not contain any bank statements or details about David Miller's initial investment or account balance.,False,False,WRONG,WRONG,WRONG
case_015,Which entities are associated with the transaction involving a withdrawal attempt of 15000 AUD?,"David.Miller@example.com.au, Phoenix Rise Investments Ltd",The transaction involves David.Miller@example.com.au as the originating account and Phoenix Rise Investments Ltd as the beneficiary account. First Central Bank (Cyprus) is the bank associated with the beneficiary account.,False,False,PARTIAL,PARTIAL,PARTIAL
case_015,What service does Phoenix Rise AI claim to offer regarding trading activities?,"Automated trading, handling the trading while investors reap the rewards.",Phoenix Rise AI offers an AI-powered platform that handles trading activities.,False,False,PARTIAL,PARTIAL,PARTIAL
case_016,"According to the initial email, what is the primary benefit offered by Global Investments?",Incredibly high potential returns in the Forex market.,Global Investments provides a chance to participate in the Forex market with the potential for very high returns.,False,False,PARTIAL,PARTIAL,PARTIAL
case_016,"What amount did Ulrich Baumann initially transfer to Global Investments, according to SAR-20231116-001?",2500 EUR,The initial transfer was 2500 EUR.,False,False,EXACT,EXACT,EXACT
case_016,What specific reason is given in SAR-20231116-001 to justify the categorization of the transaction as suspicious?,Initial deposit exceeding typical investment amounts for a new client.,"The categorization of the transaction as suspicious is justified because the client alleges fraudulent activity, which triggered an investigation and withdrawal denial.",False,False,WRONG,WRONG,WRONG
case_016,"Based on promotional material 1, what is the maximum monthly return percentage Global Investments claims to offer?",30%,Global Investments suggests a potential to earn up to 30% monthly.,False,False,EXACT,EXACT,EXACT
case_016,What reason does Global Investments provide in the email denying Ulrich's withdrawal request?,Discrepancies in account activity that require further investigation.,"Global Investments states that discrepancies in account activity require further investigation, leading to the denial of the withdrawal request.",False,False,EXACT,EXACT,EXACT
case_016,"Which account did Ulrich Baumann use to receive funds from Global Investments, according to SAR-20240126-002?",DE89370400440532013000,The account used by Ulrich Baumann to receive funds from Global Investments is DE89370400440532013000.,False,False,EXACT,EXACT,EXACT
case_016,What is the purpose of the screenshot included in the case files?,"It shows the Global Investments login page, including fields for username and password and the login URL.","The screenshot showcases the login page for Global Investments, featuring fields for username and password, a login button, and the company logo. The URL visible is www.globalinvestments.net/login.",False,False,PARTIAL,PARTIAL,PARTIAL
case_016,"Considering the details from SAR-20240126-002 and bank_statement_2.csv, what is the net balance in Ulrich's account after the withdrawal request in January 2024?",-50.00 EUR,"Following the withdrawal request in January 2024, Ulrich's account balance is -55.00 EUR.",False,False,WRONG,WRONG,WRONG
case_016,What finding prompted the creation of SAR-20240302-003?,"Client alleges fraudulent activity, withdrawal denial triggered investigation.","The client reported a scam, and funds were not released.",False,False,PARTIAL,PARTIAL,PARTIAL
case_016,Which entities are explicitly mentioned in promotional material_1.txt and also present in the SAR reports?,Global Investments,Ulrich Baumann and Global Investments LTD are present in the SAR reports.,False,False,PARTIAL,PARTIAL,PARTIAL
case_017,"According to the initial offer email, what is a key benefit of using the Nova AI trading platform?","Generate consistent profits, even in volatile markets.","The platform uses algorithms to generate profits, even when markets are unstable.",False,False,PARTIAL,PARTIAL,PARTIAL
case_017,What is the primary reason provided for the delay in processing withdrawal requests?,Ongoing maintenance and security upgrades to our processing systems.,The delay in processing withdrawal requests is due to ongoing maintenance and security upgrades to the processing systems.,False,False,EXACT,EXACT,EXACT
case_017,"What country is listed as the beneficiary country for the transaction to Nova Trading Platform, as per SAR 1?",United Arab Emirates,The beneficiary country is the United Arab Emirates.,False,False,EXACT,EXACT,EXACT
case_017,"Based on the bank statement, what was the initial balance of Klaus Heinz’s account?",60000.00,The starting balance was 60000.00 EUR.,False,False,PARTIAL,PARTIAL,PARTIAL
case_017,What does the screenshot of the platform dashboard indicate regarding the results shown?,Simulated Results – Not Representative of Actual Trading Performance,"The results displayed show upward trending profit over the past week. The current balance is €55,360.00. It is noted that the results are simulated and do not reflect actual trading performance.",False,False,PARTIAL,PARTIAL,PARTIAL
case_017,What type of verification did Nova AI request from Klaus Heinz?,A copy of his passport or driver's license.,Nova AI requests that Klaus upload a copy of his passport or driver's license.,False,False,EXACT,EXACT,EXACT
case_017,"According to the promotional material, what is one way Nova AI helps investors?",AI-Powered Precision: Our cutting-edge algorithms analyze market trends 24/7.,Nova AI utilizes cutting-edge algorithms to analyze market trends.,False,False,PARTIAL,PARTIAL,PARTIAL
case_017,"What is the estimated timeframe given for withdrawal processing, as stated in the withdrawal denial email?",7-10 business days,"Withdrawal requests are currently being temporarily held due to maintenance and security upgrades, and this is expected to be completed within 7-10 business days.",False,False,PARTIAL,PARTIAL,PARTIAL
case_017,"According to SAR 3, what is the primary reason for the fraud report filed by Klaus Heinz?",Inability to withdraw funds and unresponsive support.,The customer suspects fraudulent activity because they were unable to withdraw funds and received unsatisfactory communication from the company.,False,False,PARTIAL,PARTIAL,PARTIAL
case_017,What are the legal jurisdiction associated with the Nova AI platform’s terms and conditions?,The laws of the United Arab Emirates.,The terms are governed by the laws of the United Arab Emirates.,False,False,EXACT,EXACT,EXACT
case_018,"According to the welcome email, what is the primary purpose of AI Trading Pro's algorithms?","To identify and capitalize on market opportunities, generating returns for members.","The algorithms are designed to identify and capitalize on market opportunities, generating significant returns for members.",False,True,PARTIAL,PARTIAL,PARTIAL
case_018,"What was the initial amount transferred from Richard Boudreau's account to AI Trading Pro, as indicated in the SAR report?",5000.00,"The SAR report indicates that $10,000 was transferred.",False,False,WRONG,WRONG,WRONG
case_018,What country is listed as the beneficiary country for transactions involving AI Trading Pro?,Serbia,The provided information does not mention a beneficiary country for transactions involving AI Trading Pro.,False,False,WRONG,WRONG,WRONG
case_018,"Based on the promotional material, what is highlighted as a key benefit of AI Trading Pro for users who are tired of traditional investing?",Real results,"AI Trading Pro utilizes artificial intelligence to analyze markets and produce profitable trades, even while users sleep.",False,False,PARTIAL,PARTIAL,PARTIAL
case_018,What is the stated reason given by AI Trading Pro for the 5% processing fee applied to withdrawals?,Regulatory requirements and security protocols,The processing fee is standard practice in the industry.,False,False,WRONG,WRONG,WRONG
case_018,What was the total amount of the one-time verification fee requested by AI Trading Pro?,500,The one-time verification fee requested was $500.,False,False,PARTIAL,PARTIAL,PARTIAL
case_018,"Describe the design and appearance of the AI Trading Pro website, as observed in the screenshot.","Sleek, modern design with a dark blue and white color scheme, a rotating carousel of testimonials, charts and graphs demonstrating returns, and a 'Join Now' button.","The website has a modern design utilizing a dark blue and white color scheme. A banner with the tagline 'Unlock the Power of AI Trading' is visible, along with a rotating display of customer testimonials. Charts and graphs illustrating returns are featured, and a 'Join Now' button is located in the upper right corner. The website footer provides links to pages such as 'About Us', 'FAQ', and 'Contact Us'.",False,False,PARTIAL,PARTIAL,PARTIAL
case_018,What is a key feature mentioned in promotional material that emphasizes the simplicity of using AI Trading Pro?,No complicated strategies to learn!,A key feature highlighted is that no complicated strategies are needed.,False,False,PARTIAL,PARTIAL,PARTIAL
case_018,"List the transaction types involved in the reported suspicious activity, including deposits to, and withdrawals from, Richard Boudreau's account.","Debit, Credit",The transaction types involved are Debit and Credit.,False,False,EXACT,EXACT,EXACT
case_018,"According to the bank statement, when was a transaction fee of -10.00 registered?","2023-09-22, 2023-10-12, 2023-10-18","A transaction fee of -10.00 was registered on September 22, October 12, and October 18.",False,False,PARTIAL,PARTIAL,PARTIAL
case_019,"According to David Adebayo's LinkedIn profile, what was his role at Global Investments Ltd?",Analyst,David Adebayo held the position of Analyst at Global Investments Ltd.,False,False,EXACT,EXACT,EXACT
case_019,What was the initial investment amount made by Oliver Baumann?,"€5,000","The initial investment was €5,000.",False,False,EXACT,EXACT,EXACT
case_019,"What is the stated reason for the delay in processing Oliver Baumann's withdrawal request, according to the email?",An unexpected technical issue,An unexpected technical issue is causing a slight delay in processing times.,False,False,PARTIAL,PARTIAL,PARTIAL
case_019,"Based on the promotional material, what is a key advantage of Innovative Trading AI?",AI-Powered Precision,Innovative Trading AI utilizes artificial intelligence to recognize and profit from overlooked market prospects.,False,False,PARTIAL,PARTIAL,PARTIAL
case_019,Which two entities are listed as sender and receiver in SAR report dated 2023-09-05?,"Oliver Baumann, Innovative Trading AI",Oliver Baumann is listed as the sender and Innovative Trading AI is listed as the receiver.,False,False,EXACT,EXACT,EXACT
case_019,"What profit was initially claimed for Oliver Baumann’s €5,000 investment?","€2,350","A profit of €2,350 was initially claimed for Oliver Baumann’s €5,000 investment.",False,False,EXACT,EXACT,EXACT
case_019,What is the purpose listed for the transactions recorded in the SAR reports?,Investment,The purpose listed for the transactions is investment.,False,False,EXACT,EXACT,EXACT
case_019,Which dates do two failed withdrawal attempts appear on the bank statement?,"2023-12-05, 2024-01-05",Two failed withdrawal attempts appear on the bank statement on 2023-12-05 and 2024-01-05.,False,False,EXACT,EXACT,EXACT
case_019,"According to the promotional material, what is suggested to investors wanting to benefit from AI?",Join a select group of investors,Investors wanting to benefit from AI are encouraged to join a select group and take advantage of limited slots.,False,False,PARTIAL,PARTIAL,PARTIAL
case_019,What does the description in SAR_3 identify as a potential problem?,Victim unable to withdraw funds. Communication ceased abruptly.,"The description identifies an investment fraud scheme, noting that the victim was unable to withdraw funds and communication ceased abruptly.",False,False,PARTIAL,PARTIAL,PARTIAL
case_020,What is the primary promise made by AI Trading Pro regarding market conditions?,Delivering consistent profits regardless of market conditions.,AI Trading Pro claims its algorithms can deliver consistent profits regardless of market conditions.,False,False,EXACT,EXACT,EXACT
case_020,"According to the SAR reports, what is the initial risk level associated with the investment?",High,The initial risk level associated with the investment is high.,False,False,EXACT,EXACT,EXACT
case_020,What was the initial investment amount made by David Anderson?,5000.00 AUD,David Anderson's initial investment amount was $5000.,False,False,PARTIAL,PARTIAL,PARTIAL
case_020,What is the recipient account number associated with the transactions?,GB21NWBK202040082800,The recipient account number is GB21NWBK202040082800.,False,False,EXACT,EXACT,EXACT
case_020,"Based on promotional material 2, what incentive was offered to new AI Trading Pro members?",Double their initial investment,New AI Trading Pro members are offered double their initial investment for a limited time.,False,False,EXACT,EXACT,EXACT
case_020,Describe the overall aesthetic of the AI Trading Pro website according to the screenshot.,"Sleek, modern design with a dark background and futuristic graphics.","The website has a modern design, incorporating a dark background and futuristic graphics.",False,False,PARTIAL,PARTIAL,PARTIAL
case_020,"According to email_2, what was David Anderson’s account balance before withdrawal attempts?","13,500.00 AUD",The provided information does not mention David Anderson’s account balance before withdrawal attempts.,False,False,WRONG,WRONG,WRONG
case_020,What reason did AI Trading Pro provide for the delay in processing David Anderson's withdrawal request?,Increased security measures and high transaction volume,There is a slight delay in processing the request because of increased security measures and high transaction volume.,False,False,PARTIAL,PARTIAL,PARTIAL
case_020,What action did the bank take regarding the withdrawal attempt on 2023-05-10?,Blocked,The withdrawal attempt was blocked.,False,False,EXACT,EXACT,EXACT
case_020,Which entity appears in all three SAR files and receives payments from David Anderson’s account?,Apex Global Investments Ltd,Apex Global Investments Ltd receives payments from David Anderson’s account.,False,False,EXACT,EXACT,EXACT
case_021,"According to the initial email, what is the name of the AI algorithm used by AI Trading Solutions?",Athena,The AI-powered platform utilizes an algorithm called 'Athena'.,False,False,EXACT,EXACT,EXACT
case_021,"What was the amount of the first transfer made by Klaus Richter to AI Trading Solutions, according to the SAR report?",5000.00 EUR,The transfer amount was 3000.00 EUR.,False,False,WRONG,WRONG,WRONG
case_021,"Based on promotional material 2, what percentage of monthly return does AI Trading Solutions claim to achieve?",10-15%,AI Trading Solutions claims to achieve a consistent 10-15% monthly return on investments.,False,False,EXACT,EXACT,EXACT
case_021,What was the risk level assigned to the second SAR (SAR Reference 20240115-GER-002)?,High,The risk level assigned was High.,False,False,EXACT,EXACT,EXACT
case_021,What special bonus was offered to new investors in the follow-up email?,A complimentary strategy session with one of our senior AI analysts,A complimentary strategy session with one of their senior AI analysts was offered to new investors who register this week.,False,False,PARTIAL,PARTIAL,PARTIAL
case_021,What description was used for the failed withdrawal attempt in SAR 3?,Failed Withdrawal Attempt - AI Trading Solutions,"The failed withdrawal attempt was described as ""Failed Withdrawal Attempt - AI Trading Solutions"".",False,False,PARTIAL,PARTIAL,PARTIAL
case_021,What is the URL mentioned in the promotional material for receiving a personalized investment strategy?,https://www.aitradingsolutions.net/success,The URL for receiving a personalized investment strategy is https://www.aitradingsolutions.net/success.,False,False,EXACT,EXACT,EXACT
case_021,What does the screenshot of the trading platform display regarding 'Athena Performance'?,98.7%,The screenshot shows 'Athena Performance' at 98.7%.,False,False,EXACT,EXACT,EXACT
case_021,"According to the email, why is AI Trading Solutions' algorithm advantageous?",It analyzes market trends and executes trades with unparalleled precision.,"The AI Trading Solutions algorithm, called 'Athena,' analyzes market trends and executes trades with precision, consistently outperforming the market.",False,False,PARTIAL,PARTIAL,PARTIAL
case_021,Which entity name appears in both SAR 1 and SAR 2?,AI Trading Solutions,AI Trading Solutions appears in both SAR 1 and SAR 2.,False,False,EXACT,EXACT,EXACT
case_022,"What was the initial amount Klaus Schmidt deposited into AI Trading Pro, according to the SAR?",6000.00 EUR,The initial deposit was 6000.00 EUR.,False,False,EXACT,EXACT,EXACT
case_022,What action did Deutsche Bank take regarding Klaus Schmidt's withdrawal request on 2024-01-25?,Withdrawal request denied - verification failed,The report indicates a withdrawal request was flagged due to potential fraudulent activity and that the large value withdrawal was inconsistent with typical customer behavior.,False,False,PARTIAL,PARTIAL,PARTIAL
case_022,"According to the promotional material, what is one benefit of using the AI Trading Pro platform?",Experience significantly higher returns than traditional investments.,"The platform provides effortless trading, as the AI handles the work.",False,False,WRONG,WRONG,WRONG
case_022,What type of document did AI Trading Pro support request from Klaus Schmidt as part of their security verification process?,A copy of your government-issued identification and a recent utility bill.,They requested a copy of a government-issued identification and a recent utility bill.,False,True,EXACT,EXACT,EXACT
case_022,What is the bank name associated with the AI Trading Pro account mentioned in the SAR?,Alpha Beta Bank (Cyprus),"There is no bank name mentioned. The promotional material describes a platform called AI Trading Pro that uses artificial intelligence to maximize profits. The website has a sleek, modern design and promises significant financial gains.",False,False,WRONG,WRONG,WRONG
case_022,What does the screenshot of the AI Trading Pro homepage highlight?,"A sleek, modern design, testimonials, and recent 'trading results' with charts and graphs illustrating exponential growth.","The homepage features a modern design and text that emphasizes financial gains. It showcases user testimonials, recent trading results through charts and graphs, and includes buttons to ""Get Started"" and ""Learn More.""",False,False,PARTIAL,PARTIAL,PARTIAL
case_022,"Based on the Telegram chat, what message did 'CryptoGuru77' convey to Klaus Schmidt regarding the withdrawal issues?","Don't worry, these things happen. Just keep following the instructions from support, and it will be sorted quickly.","CryptoGuru77 advised Klaus Schmidt not to worry and to continue following the instructions from support, assuring him the issue would be resolved quickly as it was related to account verification.",False,False,PARTIAL,PARTIAL,PARTIAL
case_022,What type of report is sar_1.xml?,Suspicious Activity Report,The report is a Suspicious Activity Report.,False,False,PARTIAL,PARTIAL,PARTIAL
case_022,"What is the main reason provided by AI Trading Pro for placing Klaus Schmidt's withdrawal request on hold, according to email_3.txt?",An ongoing security review,The withdrawal request has been placed on hold due to an ongoing security review.,False,False,EXACT,EXACT,EXACT
case_022,What is the account number listed in sar_1.xml for AI Trading Pro?,CY001234567890,"I am sorry, but that information is not available.",False,False,WRONG,WRONG,WRONG
case_023,"What is the stated average return on investment (ROI) promised by AI Elite Trading, according to promotional material?",25% per month,The promotional material indicates an average ROI of 25% per month.,False,False,EXACT,EXACT,EXACT
case_023,"According to the SAR reports, what two factors initially raised suspicion regarding Hans Meier's transactions with AI Elite Trading?","Unsolicited contact, high yield promise",The transactions initially raised suspicion due to unsolicited contact and a high yield promise.,False,False,EXACT,EXACT,EXACT
case_023,What initial investment amount did Hans Meier make according to the first SAR report?,5000 EUR,The initial investment amount was 5000 EUR.,False,False,EXACT,EXACT,EXACT
case_023,"Based on the telegram chat log, what additional investment amount did 'David' suggest to Hans Meier to unlock 'even greater potential'?",10000 EUR,"David suggested a deposit of €10,000 to significantly boost returns.",False,False,EXACT,EXACT,EXACT
case_023,What was the approximate timestamp of the screenshot showing Hans Meier’s AI Elite Trading dashboard?,2023-09-28 14:35 GMT+2,"The screenshot displaying the dashboard was captured on September 28, 2023, at 2:35 PM GMT+2.",False,False,EXACT,EXACT,EXACT
case_023,Which country is listed as the location of AI Elite Trading in the SAR reports?,Belgium,Belgium is listed as the country of AI Elite Trading.,False,False,EXACT,EXACT,EXACT
case_023,"According to the SAR reports, what additional factor contributed to the suspicion regarding the increasing transaction amounts?",Increasing deposit amounts,The suspicion regarding the increasing transaction amounts is due to a high yield promise and unsolicited contact.,False,False,WRONG,WRONG,WRONG
case_023,What did Hans Meier request in his email to support@ai-elite-trading.com?,Investigation of a failed withdrawal attempt,"Hans Meier requested an investigation into a failed withdrawal attempt of €10,000 from his account.",False,False,PARTIAL,PARTIAL,PARTIAL
case_023,"Based on the available files, what is the primary method of communication between the company and Hans Meier?",Telegram,The files do not specify a method of communication between the company and Hans Meier.,False,False,WRONG,WRONG,WRONG
case_023,"Which entity appeared as the sender of the transaction on 2023-10-01, and what was the transaction amount?","AI Elite Trading, -10000 EUR","AI Elite Trading was the sender of the transaction on 2023-10-01, and the transaction amount was -10000.",False,False,PARTIAL,PARTIAL,PARTIAL
case_024,"What initial deposit amount did Hans Meier make into the Forex Prime Global account, according to the SAR report?",50000.00 EUR,The initial deposit amount from Hans Meier into the Forex Prime Global account was 50000.00 EUR.,False,False,PARTIAL,PARTIAL,PARTIAL
case_024,"Based on email_3.txt, what trading pairs did Forex Prime Global claim generated the recent profits for Hans Meier?",EUR/USD and GBP/JPY,The recent profits were generated through a series of successful trades in the EUR/USD and GBP/JPY pairs.,False,False,EXACT,EXACT,EXACT
case_024,What promotional offer was presented to new traders according to promotional_material_2.txt?,"A €50,000 bonus for a €50,000 deposit.","New traders are offered a bonus of €50,000 when they deposit €50,000.",False,False,EXACT,EXACT,EXACT
case_024,What country is the bank associated with the cryptocurrency deposit from Hans Meier?,Belize,The bank associated with the cryptocurrency deposit from Hans Meier is located in Belize.,False,False,EXACT,EXACT,EXACT
case_024,"According to sar_2.xml, what prompted the suspicious activity during Hans Meier's withdrawal request?","Delayed withdrawal, customer expressing concerns about account activity.",A delayed withdrawal and the customer expressing concerns about account activity prompted the suspicious activity.,False,False,EXACT,EXACT,EXACT
case_024,"According to email_1.txt, what is the stated goal of Forex Prime Global?",To help everyone achieve financial freedom through Forex trading.,Forex Prime Global believes everyone can achieve financial freedom through Forex trading.,False,True,PARTIAL,PARTIAL,PARTIAL
case_024,"What was the amount of the interest earned in the account on 2023-05-10, according to bank_statement_2.csv?",250.00 EUR,The interest earned on 2023-05-10 was 250.00 EUR.,False,False,PARTIAL,PARTIAL,PARTIAL
case_024,"Besides EUR, what other currency deposit is mentioned in the case files?",BTC,"Besides EUR, a deposit in BTC is mentioned.",False,False,PARTIAL,PARTIAL,PARTIAL
case_024,"What is the stated purpose of Forex Prime Global's platform, according to email_1.txt?","Cutting-edge tools, expert guidance, and a secure trading environment.",Forex Prime Global believes that everyone can achieve financial freedom through Forex trading.,False,False,WRONG,WRONG,WRONG
case_024,"Based on the screenshot_2.txt, what is the tagline used to promote Forex Prime Global?",Forex Prime Global: Where Financial Dreams Come True,"The tagline used to promote Forex Prime Global is ""Forex Prime Global: Where Financial Dreams Come True.""",False,False,EXACT,EXACT,EXACT
case_025,"What is the initial investment amount made by the customer on April 22nd, according to SAR 3?",7500.00,The initial cryptocurrency investment made on April 22nd was 7500.00 BTC.,False,False,PARTIAL,PARTIAL,PARTIAL
case_025,"According to the promotional material, what is one benefit of using AlphaTrade AI?",24/7 Market Monitoring,"AlphaTrade AI handles everything, so you don't have to.",False,False,WRONG,WRONG,WRONG
case_025,"Based on the email from Victor Adebayo, what percentage profit did the customer's account experience?",12.3%,The account experienced a 12.3% profit.,False,False,EXACT,EXACT,EXACT
case_025,What is the balance displayed on the screenshot of the trading platform?,"£25,000","The screenshot shows a balance of £25,000.",False,False,EXACT,EXACT,EXACT
case_025,Which financial institution's account details are referenced in the bank statements?,GB29NWBK40341320492372,The account details relate to GB29NWBK40341320492372.,False,False,EXACT,EXACT,EXACT
case_025,"What date, according to bank statement 1, was the salary credit received by the customer?",2023-03-10,"According to bank statement 1, salary credits were received on 2023-03-10, 2023-04-15, 2023-05-15, and 2023-09-15.",False,False,PARTIAL,PARTIAL,PARTIAL
case_025,What type of operation is mentioned as a possible explanation for the victim's experience in SAR 3?,Ponzi scheme or fraudulent investment operation,A possible Ponzi scheme or fraudulent investment operation is mentioned as a possible explanation for the victim's experience.,False,False,EXACT,EXACT,EXACT
case_025,"According to SAR 3, what country is 'Global Investments Ltd.' located in?",Seychelles,The recipient country for 'Global Investments Ltd.' is Seychelles.,False,False,EXACT,EXACT,EXACT
case_025,What is the purpose of the email sent by Victor Adebayo?,To inform the customer about a positive account performance and suggest reinvesting profits.,The email informs the recipient about a positive increase in the value of their account and suggests reinvesting profits to further enhance returns.,False,False,PARTIAL,PARTIAL,PARTIAL
case_025,List the entities mentioned in both the email and the promotional material.,"Global Investments Ltd., AlphaTrade AI","David Miller, Global Investments Ltd, and Seychelles are entities mentioned in both reports.",False,False,PARTIAL,PARTIAL,PARTIAL
case_026,"According to the promotional material, what is a key benefit of using NovaTrade?",Effortless Trading,NovaTrade offers effortless trading and the potential for high profits.,False,False,PARTIAL,PARTIAL,PARTIAL
case_026,"What is the minimum investment amount required to participate in NovaTrade, as stated in the initial conversation?",€500,The initial investment amount is €500.,False,False,EXACT,EXACT,EXACT
case_026,"Based on the bank statements, what is the total amount Karl Schmidt has transferred to NovaTrade?",€15500.00,Karl Schmidt is instructed to transfer €500 to NovaTrade.,False,False,WRONG,WRONG,WRONG
case_026,What is the SWIFT code provided in email_2 for NovaTrade Solutions’ bank account?,UNIBNGLA,The SWIFT code is UNIBNGLA.,False,False,EXACT,EXACT,EXACT
case_026,What suspicious activity is highlighted in SAR 2 regarding Karl Schmidt's account activity?,Small returns following substantial initial investments.,Small returns following substantial initial investments are highlighted as suspicious activity.,False,False,EXACT,EXACT,EXACT
case_026,"Which receiver country is associated with the significant wire transfers of €5000 and €10000, according to SAR 1 and SAR 2?",United Kingdom,The United Kingdom is associated with the wire transfers of €5000 and €10000. Germany is associated with the wire transfers of €250 and €500.,False,False,PARTIAL,PARTIAL,PARTIAL
case_026,What description is associated with the transaction involving Karl Schmidt’s withdrawal request in SAR 3?,Withdrawal Request Denied,"The transaction involving Karl Schmidt’s withdrawal request has a description of ""Withdrawal Request Denied"".",False,False,EXACT,EXACT,EXACT
case_026,What platform feature is prominently displayed in the screenshot of the dashboard?,AI trading indicator,The dashboard showcases an 'AI trading' indicator.,False,False,PARTIAL,PARTIAL,PARTIAL
case_026,"Considering the conversation, the promotional materials, and the SAR reports, what is the likely nature of David Adebayo’s role within NovaTrade?",Support,"David Adebayo appears to be a representative of NovaTrade, specifically in a support role. He welcomes new users, describes the AI trading bot, and explains how it functions. He also addresses investment requirements and risk factors, and offers to share results data.",False,False,PARTIAL,PARTIAL,PARTIAL
case_026,"What amount was transferred to Karl Schmidt’s account on September 12th, as indicated in SAR 2?",€250.00,The amount transferred to Karl Schmidt’s account on September 12th was 250.00 EUR.,False,False,PARTIAL,PARTIAL,PARTIAL
case_027,"According to the promotional material, what is the advertised annual return rate for NovaAI?",Exceeding 30% per annum,The platform is advertised to consistently generate returns exceeding 30% per annum.,False,False,EXACT,EXACT,EXACT
case_027,"What is the stated purpose of NovaAI, as described in the initial email?",To transform your financial future.,NovaAI is described as a revolutionary AI-powered trading platform that aims to transform financial futures.,False,False,PARTIAL,PARTIAL,PARTIAL
case_027,What is the account ID provided in the withdrawal request?,789456123,The account ID is 789456123.,False,False,EXACT,EXACT,EXACT
case_027,"According to the SAR report, what is the country of origin for the beneficiary bank, Apex Financial Services?",Nigeria,Nigeria.,True,True,EXACT,EXACT,EXACT
case_027,What is the SWIFT/BIC code mentioned in the withdrawal request?,DEUTDEFFXXX,The SWIFT/BIC code is DEUTDEFFXXX.,False,False,EXACT,EXACT,EXACT
case_027,Which transaction type is flagged as suspicious in SAR 2?,Credit,A credit transaction is flagged as suspicious in SAR 2.,False,False,PARTIAL,PARTIAL,PARTIAL
case_027,"What is the stated reason for potentially suspending withdrawals, according to the Terms of Service?",If deemed necessary,Withdrawals may be temporarily suspended if deemed necessary.,False,False,PARTIAL,PARTIAL,PARTIAL
case_027,"Based on the screenshot description, what is the value displayed for the 'Daily Profit' indicator on the NovaAI dashboard?","+€2,500.00","The 'Daily Profit' indicator shows a value of +€2,500.00.",False,False,EXACT,EXACT,EXACT
case_027,What is the governing law for this agreement as stated in the Terms of Service?,The laws of the British Virgin Islands,This agreement is governed by the laws of the British Virgin Islands.,False,False,EXACT,EXACT,EXACT
case_027,"What is the initial deposit amount (in EUR) that Helmut Schmidt made on October 15, 2023?",20000,The deposit amount was 20000 EUR.,False,False,PARTIAL,PARTIAL,PARTIAL
case_028,"According to the initial contact email, what is the name of the AI-powered trading platform?",ApexTrade,The AI-powered trading platform is called ApexTrade.,False,False,EXACT,EXACT,EXACT
case_028,What percentage return was initially claimed for participants in the pilot program?,Up to 35% per month,Returns of up to 35% per month were initially claimed for participants in the pilot program.,False,False,EXACT,EXACT,EXACT
case_028,"Based on the SAR reports, what was the stated purpose of the transactions involving David Miller?",Investment,The purpose of the transactions involving David Miller was investment.,False,False,EXACT,EXACT,EXACT
case_028,What was the initial investment amount made by David Miller?,"$5,000.00","David Miller's initial investment was $5,000.00.",False,False,EXACT,EXACT,EXACT
case_028,What is the phone number provided in the initial contact email for inquiries?,+1-800-555-GROW,I am unable to answer the question as there is no phone number provided in the initial contact email.,False,False,WRONG,WRONG,WRONG
case_028,"According to the account agreement, where are disputes arising from this agreement to be resolved?","Lagos, Nigeria","All disputes arising out of this agreement shall be resolved through binding arbitration in Lagos, Nigeria.",False,False,PARTIAL,PARTIAL,PARTIAL
case_028,What was the reported account balance displayed in the screenshot of the trading platform?,"$12,375.00","The account balance shown was $12,375.00.",False,False,EXACT,EXACT,EXACT
case_028,What is the reason given in the withdrawal request denial email for the temporary suspension of withdrawals?,Routine maintenance,"The systems are undergoing routine maintenance, which may cause slight delays in processing withdrawals.",False,False,PARTIAL,PARTIAL,PARTIAL
case_028,"According to the SAR reports, what was a noted behavior of David Miller before and during these transactions?","Seemed overly enthusiastic / appeared anxious to further invest, despite limited understanding of investment","The customer seemed overly enthusiastic about the investment opportunity. Also, the customer reported being unable to withdraw funds.",False,False,PARTIAL,PARTIAL,PARTIAL
case_028,What is the URL of the website mentioned in the initial contact email?,www.globalcapitalventures.com,I am unable to answer the question as the provided information does not contain any website URLs.,False,False,WRONG,WRONG,WRONG
case_029,"According to the promotional brochure, what is one key advantage Global Forex Ventures offers to potential clients?",Low spreads & commissions,Global Forex Ventures provides expert guidance from seasoned professionals.,False,False,WRONG,WRONG,WRONG
case_029,What type of account was Klaus Meier initially invited to create?,Demo account,Klaus Meier was invited to register for a free demo account.,False,False,EXACT,EXACT,EXACT
case_029,What amount did Klaus Meier request to withdraw from his account?,"€15,000","Klaus Meier requested to withdraw €15,000 from his account.",False,False,EXACT,EXACT,EXACT
case_029,"Based on the SAR reports, what is a potential concern highlighted regarding Klaus Meier's account activity?","Large, unexplained deposits into an account linked to a potential Forex scam","The account activity is inconsistent with stated investment goals, and there are large, unexplained deposits into an account linked to a potential Forex scam.",False,False,PARTIAL,PARTIAL,PARTIAL
case_029,What is the account number that Klaus Meier provided in his withdrawal request?,GFV123456789,Klaus Meier provided GFV123456789 as his account number.,False,False,PARTIAL,PARTIAL,PARTIAL
case_029,What promotional offer was used to encourage Klaus to register?,A special bonus to new clients who register and make their first deposit,A special bonus is being offered to new clients who register and make their first deposit.,False,True,PARTIAL,PARTIAL,PARTIAL
case_029,"What is the reported location of the receiver's account, BEL_GFV_001?",Belize,"The receiver's account, BEL_GFV_001, is located in Belize.",False,False,EXACT,EXACT,EXACT
case_029,"According to the screenshot description, what is one piece of information displayed on the trading platform?",Potential Profit: +1200 EUR,The trading platform shows a real-time chart of the EUR/USD currency pair.,False,False,WRONG,WRONG,WRONG
case_029,"Based on the bank statements, what is the first transaction involving Klaus Meier and Global Forex Ventures?","Transfer to Global Forex Ventures, €30000",I am unable to answer this question because there are no bank statements provided.,False,False,WRONG,WRONG,WRONG
case_029,What action does the 'URGENT: Verification Required' email request from Klaus?,To verify his identity immediately,Klaus is asked to verify his identity.,False,False,PARTIAL,PARTIAL,PARTIAL
case_030,What initial investment amount was offered to David Miller by Global Investments?,"$5,000","The initial investment starts at $5,000.",False,False,PARTIAL,PARTIAL,PARTIAL
case_030,"According to the SAR, what was the primary reason for the initial suspicion regarding David Miller's transactions?",Potential investment fraud. Unusually high returns promised. Destination country is high risk.,"The initial suspicion stemmed from unusually high returns being promised, along with the destination country being considered high risk.",False,False,PARTIAL,PARTIAL,PARTIAL
case_030,What is the IBAN associated with the receiver’s account in the transactions?,BG88UNCR7000140000001,BG88UNCR7000140000001,True,True,EXACT,EXACT,EXACT
case_030,What was the description associated with the transaction made on 2024-01-10?,Withdrawal Request Denial,The transaction made on 2024-01-10 had a description of Withdrawal Request.,False,False,PARTIAL,PARTIAL,PARTIAL
case_030,"Based on the promotional material, what is one advertised benefit of the Alpha AI Trading System?",Automated Trading: No experience needed.,"The system analyzes market trends with remarkable precision, enabling users to generate profits even while they are not actively engaged.",False,False,WRONG,WRONG,WRONG
case_030,"What is the date of the screenshot provided, indicating the Alpha AI Trading System’s performance?",Not mentioned in the case files,The provided information does not specify a date for the screenshot or the Alpha AI Trading System’s performance.,False,False,EXACT,EXACT,EXACT
case_030,What additional investment did David Miller make on 2024-02-22?,"$15,000","The provided information does not mention any additional investments made by David Miller on 2024-02-22. It only references an initial investment starting at $5,000 and a subsequent withdrawal request.",False,False,WRONG,WRONG,WRONG
case_030,What action did the email from account.support@globalinvestments.tech request from David Miller?,To verify his information by clicking on a link.,The email requested that David Miller verify his information by clicking on a link.,False,False,EXACT,EXACT,EXACT
case_030,"Which bank teller flagged the transaction involving David Miller, raising concerns about a potential scam?",Branch Teller,A Branch Teller flagged the transaction.,False,False,EXACT,EXACT,EXACT
case_030,What was the amount of the electricity bill recorded in the bank statement?,-150.00,The amount of the electricity bill was -150.00.,False,False,EXACT,EXACT,EXACT
case_031,"According to the initial conversation with the AI Trading Bot Pro, what was initially highlighted to attract new users?",A limited-time opportunity with exceptional returns.,A limited-time opportunity was highlighted to attract new users.,False,False,PARTIAL,PARTIAL,PARTIAL
case_031,What was the initially promised weekly return rate to Markus Weber?,15-20%.,The information provided does not specify the initially promised weekly return rate. It mentions unusually high promised returns but does not detail the specific rate.,False,False,WRONG,WRONG,WRONG
case_031,What type of transaction was reported in the first Suspicious Activity Report (SAR)?,Funds Transfer.,The reported activity was a Funds Transfer.,False,False,EXACT,EXACT,EXACT
case_031,"What is the IBAN associated with the beneficiary party, GlobalTech Solutions Ltd?",GB29NWBK20200830294159,"The IBAN associated with the beneficiary party, GlobalTech Solutions Ltd is GB29NWBK20200830294159.",False,False,EXACT,EXACT,EXACT
case_031,"Besides unusually high promised returns and investment in a largely unregulated sector, what other Suspicion Indicator was listed in the initial SAR?",Investment in a largely unregulated sector,The initial SAR listed that the customer appeared to be persuaded to increase investment based on fabricated returns as an additional Suspicion Indicator.,False,False,PARTIAL,PARTIAL,PARTIAL
case_031,"Which date did Markus Weber make his second investment into GlobalTech Solutions Ltd, as documented in SAR-2023-11-15-002?",2023-11-15,Markus Weber made his second investment into GlobalTech Solutions Ltd on 2023-11-15.,False,False,EXACT,EXACT,EXACT
case_031,"Based on promotional material, what is being offered to new users who deposit over €5,000?",A bonus.,"A bonus is being offered to new users who deposit over €5,000.",False,False,PARTIAL,PARTIAL,PARTIAL
case_031,What reason was provided by the AI Trading Bot Pro team for temporarily suspending withdrawals?,"Due to increased demand, we are temporarily suspending withdrawals to process all pending requests.",The team mentioned increased demand as the cause for the temporary suspension of withdrawals.,False,False,PARTIAL,PARTIAL,PARTIAL
case_031,"According to the screenshot description, what phrase is prominently displayed on the AI Trading Bot Pro platform’s dashboard?",'Withdraw Funds'.,The dashboard displays the phrase 'Withdraw Funds'.,False,False,EXACT,EXACT,EXACT
case_031,What is the approximate total amount (in EUR) Markus Weber has transferred to GlobalTech Solutions Ltd based on the provided data?,15000,Markus Weber has transferred a total of €15000 to GlobalTech Solutions Ltd.,False,False,EXACT,EXACT,EXACT
case_032,What is the initial amount Klaus Heinz transferred to Golden Future Investments?,15000.00 EUR,The initial amount Klaus Heinz transferred to Golden Future Investments was 15000.00 EUR.,False,False,EXACT,EXACT,EXACT
case_032,"According to the email from AI Trading Pro, what is the primary benefit of using their platform?","Utilizes cutting-edge artificial intelligence to identify and execute profitable trades, 24/7.",The platform uses artificial intelligence to identify and execute profitable trades around the clock.,False,False,PARTIAL,PARTIAL,PARTIAL
case_032,What is the purpose code associated with Klaus Heinz’s transactions with Golden Future Investments?,13 - Other,The purpose code is 13 - Other.,False,False,EXACT,EXACT,EXACT
case_032,"What is the minimum deposit required to activate the AI trading system, according to the telegram chat log?",€250,A minimum deposit of €250 is required to activate the AI trading system.,False,False,EXACT,EXACT,EXACT
case_032,What reason did Deutsche Bank provide for flagging the transaction to Golden Future Investments as suspicious in the first SAR?,Unusually large transfer to overseas account; recipient flagged as potentially high-risk.,The transfer to the recipient was unusually large and the recipient was flagged as potentially high-risk.,False,False,EXACT,EXACT,EXACT
case_032,"What is the promised timeframe for withdrawal processing, initially stated by AI Trading Pro in the telegram chat log?",24-48 hours,"Initially, the stated timeframe for withdrawal processing was 24-48 hours.",False,False,EXACT,EXACT,EXACT
case_032,"Besides the initial deposit, how much more money did Klaus Heinz deposit into Golden Future Investments?",10000.00 EUR,The provided information does not specify any additional deposits made by Klaus Heinz beyond the initial €250.,False,False,WRONG,WRONG,WRONG
case_032,What is the primary reason Klaus Heinz reported concerns in the second SAR?,Victim reported concerns about withdrawal; potential scam activity.,"The concerns were related to a withdrawal attempt that was denied, potentially indicating scam activity.",False,False,PARTIAL,PARTIAL,PARTIAL
case_032,"Based on the wallet transaction history, approximately how much Bitcoin did Golden Future Investments receive from an unknown sender over this period?",1.0 BTC,Golden Future Investments received a total of 1.2 Bitcoin during this period.,False,False,PARTIAL,PARTIAL,PARTIAL
case_032,What does the website screenshot suggest about customer experiences with AI Trading Pro?,"Testimonials suggest users have experienced significant returns, such as doubling their money in one month.",There is no mention of website screenshots in the provided information.,False,False,WRONG,WRONG,WRONG
case_033,"According to the initial email, what is the name of the AI trading platform?",Athena,The AI trading platform is called 'Athena'.,False,False,EXACT,EXACT,EXACT
case_033,What was the guaranteed minimum return offered to new investors in the second follow-up email?,8%,A guaranteed minimum return of 8% on the initial investment was offered to new investors.,False,False,EXACT,EXACT,EXACT
case_033,"What country is the recipient bank, Global Finance Ltd., located in?",Belize,"The recipient bank, Global Finance Ltd., is located in Belize.",False,False,EXACT,EXACT,EXACT
case_033,"Based on the Suspicious Activity Reports, what two amounts were transferred by Hans Meier to AI FX Capital?",5000 EUR and 10000 EUR,Hans Meier transferred amounts of 5000 EUR and 10000 EUR to AI FX Capital.,False,False,EXACT,EXACT,EXACT
case_033,"What did the promotional brochure state as a benefit of using the AI system, beyond financial returns?","Minimizes human error and emotional decision-making, reducing overall risk.","The system minimizes human error and emotional decision-making, reducing overall risk.",False,True,EXACT,EXACT,EXACT
case_033,"According to the promotional video transcript, what did a testimonial claim about AI FX Capital?",It has exceeded expectations and is achieving financial freedom.,A testimonial stated that AI FX Capital has exceeded expectations and is helping someone achieve financial freedom.,False,False,PARTIAL,PARTIAL,PARTIAL
case_033,What was the outcome of the attempted withdrawal on November 1st?,The transaction failed.,The attempted withdrawal failed.,False,False,EXACT,EXACT,EXACT
case_033,"Besides the initial and secondary transfer amounts mentioned in SARs, what other type of transaction is recorded related to Hans Meier?",Attempted withdrawal,A transfer to AI FX Capital is recorded.,False,False,WRONG,WRONG,WRONG
case_033,What does the screenshot of the trading platform indicate regarding the system’s performance as of September 15th?,+12.7%,The system's performance is shown as +12.7% as of September 15th.,False,False,EXACT,EXACT,EXACT
case_033,Which entities appear in both the promotional brochure and the Suspicious Activity Reports?,"AI FX Capital, Global Finance Ltd.","AI FX Capital, Deutsche Bank, and Hans Meier appear in both the Suspicious Activity Reports.",False,False,PARTIAL,PARTIAL,PARTIAL
case_034,"According to the initial email, what is the stated purpose of CryptoRecoveryExperts?",Recovering funds lost due to fraudulent cryptocurrency schemes.,CryptoRecoveryExperts specializes in recovering lost digital assets.,False,False,PARTIAL,PARTIAL,PARTIAL
case_034,What information was Karl Heinz initially asked to provide in the follow-up email?,Details regarding the initial scam and the amount lost.,Karl Heinz was asked to provide a copy of any transaction records or communication related to the initial scam.,False,False,PARTIAL,PARTIAL,PARTIAL
case_034,"What was the amount of the 'security clearance fee' requested, and in what currency?","$5,000 USD","The fee was $5,000 USD.",False,False,EXACT,EXACT,EXACT
case_034,To which bank account was the security clearance fee requested to be transferred?,Account Number: 0078901234,The security clearance fee was requested to be transferred to an account at Sterling Bank with account number 0078901234.,False,False,PARTIAL,PARTIAL,PARTIAL
case_034,What does the progress bar on the recovery platform dashboard indicate?,Recovery Progress: 65%,The progress bar visually represents the recovery progress.,False,False,PARTIAL,PARTIAL,PARTIAL
case_034,"Besides the initial security clearance fee, was any further amount requested for security clearance? If so, what was the amount and currency?","Yes, 2000 EUR.","The only amount mentioned is $5,000 USD.",False,False,WRONG,WRONG,WRONG
case_034,"Based on the content of SAR-3.xml, what appears to be the key concern raised by Deutsche Bank regarding Karl Heinz’s transactions?",Multiple transactions to the same recipient account with suspicious descriptions; potential indication of fraud; customer has reported concerns about the legitimacy of the recipient.,"The key concern is multiple transactions to the same recipient account with descriptions that are suspicious, potentially indicating fraud. There are also customer concerns about the legitimacy of the recipient.",False,False,PARTIAL,PARTIAL,PARTIAL
case_034,"What is the stated estimated timeframe for funds to become available after a withdrawal request is submitted, according to the recovery platform?",24-48 hours,Funds will be available within 24-48 hours.,False,False,EXACT,EXACT,EXACT
case_034,What is the purpose of the initial email according to the sender?,To assess the case and determine the feasibility of recovery.,The sender's team specializes in recovering funds lost due to fraudulent schemes and has identified a potential opportunity to recover a portion of lost Bitcoin and Ethereum.,False,False,PARTIAL,PARTIAL,PARTIAL
case_034,What does the promotional material highlight as a key benefit of using CryptoRecoveryExperts?,Experienced Recovery Specialists,CryptoRecoveryExperts specializes in recovering lost digital assets and uses advanced techniques to track down scammers and retrieve funds.,False,False,PARTIAL,PARTIAL,PARTIAL
case_035,"What was the initial investment amount Ulrich Baumann made, as stated in email_2.txt?","€5,000","Ulrich Baumann indicated a desire to make an initial investment of €5,000.",False,False,PARTIAL,PARTIAL,PARTIAL
case_035,"According to sar_1.xml, what is Ulrich Baumann’s date of birth?",1968-05-20,Ulrich Baumann’s date of birth is 1968-05-20.,False,False,EXACT,EXACT,EXACT
case_035,Which bank is identified as the reporting institution in the SAR files?,Sparkasse Bank,Sparkasse Bank is identified as the reporting institution.,False,False,EXACT,EXACT,EXACT
case_035,What reason is cited in sar_1.xml for the suspicious activity related to Ulrich Baumann’s transaction?,Potential investment fraud - unusually high promised returns,The suspicious activity is attributed to unusually high promised returns.,False,False,PARTIAL,PARTIAL,PARTIAL
case_035,"What event triggered Ulrich Baumann's account restrictions, as documented in sar_3.xml?",Customer filed a fraud complaint regarding unauthorized investment scheme,A customer filed a fraud complaint regarding an unauthorized investment scheme.,False,True,EXACT,EXACT,EXACT
case_035,"Based on the bank_statement_1.csv, what was the total amount of 'Profit Payouts' Ulrich Baumann received before 2024?",+2200.00,The total amount of 'Profit Payouts' before 2024 was 1846.25 EUR.,False,False,PARTIAL,PARTIAL,PARTIAL
case_035,What is the purpose of the link sent to Ulrich Baumann in email_3.txt?,To complete verification of his identity and investment details.,"I am sorry, but the provided text does not contain information regarding a link sent to Ulrich Baumann in email_3.txt.",False,False,WRONG,WRONG,WRONG
case_035,"According to promotional_material_2.txt, what technology is AI Trading Pro supposedly utilizing?",Advanced algorithms and machine learning,AI Trading Pro utilizes advanced algorithms and machine learning.,False,False,EXACT,EXACT,EXACT
case_035,What potential security concern is highlighted in the disclaimer on the screenshot_platform_1.txt?,Past performance is not indicative of future results,The disclaimer states that prior results don't guarantee future outcomes.,False,False,PARTIAL,PARTIAL,PARTIAL
case_035,Which entity is listed as the recipient of Ulrich Baumann's initial investment in sar_1.xml?,Global Investments Ltd.,Global Investments Ltd. is listed as the recipient of the initial investment.,False,False,EXACT,EXACT,EXACT
case_036,"According to the initial promotional material, what is a key feature of AI Trading Solutions' algorithms?","They analyze market data 24/7, identifying opportunities that human traders miss.","The algorithms analyze market data around the clock, spotting opportunities that human traders often overlook.",False,False,PARTIAL,PARTIAL,PARTIAL
case_036,What jurisdiction is listed for the recipient account in the SAR reports?,Belize,Belize is listed as the country for the recipient account.,False,False,PARTIAL,PARTIAL,PARTIAL
case_036,What was the amount of Klaus Richter's initial deposit to AI Trading Solutions?,"€2,500.00","Klaus Richter's initial deposit was €2,500.",False,False,EXACT,EXACT,EXACT
case_036,What reason did Deutsche Bank AG provide for flagging Klaus Richter’s initial transfer as suspicious?,The platform appears to be operating from an offshore jurisdiction.,"The transfer was flagged due to potential investment fraud, as the platform appeared to be operating from an offshore jurisdiction.",False,False,PARTIAL,PARTIAL,PARTIAL
case_036,"Based on the bank statement, what are the amounts of the two 'AI Trading Solutions Profit Distribution' transactions?",€500.00 and €750.00,The amounts of the two 'AI Trading Solutions Profit Distribution' transactions are 500.00 and 750.00.,False,False,EXACT,EXACT,EXACT
case_036,What is the Risk Level associated with the SAR filed on 2024-02-10?,High,The Risk Level is High.,False,False,PARTIAL,PARTIAL,PARTIAL
case_036,What did the screenshot of the platform website highlight to attract potential customers?,A rapidly increasing line representing simulated profits.,"The platform website screenshot showcases a modern design and emphasizes the potential for financial growth through AI. It features a headline promoting financial futures with AI, a graph illustrating increasing profits, and highlights automated trading, high-profit potential, a user-friendly platform, and 24/7 support.",False,False,PARTIAL,PARTIAL,PARTIAL
case_036,What did Klaus Richter express in his urgent message to AI Trading Solutions?,He expressed extreme concern regarding a denied withdrawal request and his inability to fully access his account.,The provided information does not contain an urgent message from Klaus Richter to AI Trading Solutions.,False,False,WRONG,WRONG,WRONG
case_036,"Based on the promotional material, what is implied about the potential returns offered by AI Trading Solutions?",Guaranteed Returns (Subject to Market Conditions),"The promotional material suggests the potential for high profits and guaranteed returns, though the latter is noted to be subject to market conditions.",False,False,PARTIAL,PARTIAL,PARTIAL
case_036,What is the description given for the type of activity reported in SAR-20240229-003?,Suspicious activity report filed by client regarding denied withdrawal request and potential fraud.,The report describes suspicious activity related to a denied withdrawal request and potential fraud.,False,False,PARTIAL,PARTIAL,PARTIAL
case_037,"According to the initial email, what did Dr. Aliko Okeke claim his team had developed?",A proprietary AI trading algorithm.,Dr. Aliko Okeke mentioned that his team developed a proprietary AI trading algorithm that’s yielding extraordinary returns.,False,False,PARTIAL,PARTIAL,PARTIAL
case_037,What was the purpose stated for the wire transfers from Markus Weber to Innovative AIX?,Investment,The purpose of the wire transfers was investment.,False,False,EXACT,EXACT,EXACT
case_037,Which jurisdiction is listed as the originating jurisdiction for the Suspicious Activity Reports (SARs)?,Germany,The reports originate from Germany.,False,False,EXACT,EXACT,EXACT
case_037,What was the approximate current ROI (Return on Investment) displayed on the Innovative AIX dashboard screenshot?,+478.3%,The dashboard screenshot showed a current ROI of +478.3%.,False,False,EXACT,EXACT,EXACT
case_037,What triggered the Suspicious Activity Report filed in January 2024?,Attempted withdrawal blocked by Innovative AIX and customer reports of difficulty accessing funds.,"A pattern of transfers to an offshore entity, combined with inconsistent communication and a blocked withdrawal attempt, triggered the Suspicious Activity Report. Concerns were also raised due to multiple transactions totaling significant amounts, and the recipient entity's limited transparency.",False,False,PARTIAL,PARTIAL,PARTIAL
case_037,"Based on the provided information, what is the location of Innovative AIX’s offices?","Suite 180, 1st Floor, Nemea Building, 6 Isocrates Street, 2360 Strovolos, Cyprus","The provided information does not state the location of Innovative AIX’s offices. It provides a website address, www.innovativeaix.com, for those interested in learning more.",False,False,WRONG,WRONG,WRONG
case_037,"Besides Markus Weber, which other entity is named as a party in the SAR reports?",Deutsche Bank AG,Innovative AIX is named as a party in the SAR reports.,False,False,WRONG,WRONG,WRONG
case_037,What is one reason given in the promotional material why someone might be interested in Innovative AIX?,To experience profits they never thought possible.,Innovative AIX offers the potential for exceptional returns.,False,False,PARTIAL,PARTIAL,PARTIAL
case_037,What date did Markus Weber initially wire funds to Innovative AIX?,"August 20, 2023","The transaction date was November 20, 2023.",False,False,WRONG,WRONG,WRONG
case_037,"Considering the SAR reports and bank statements, what is a potential red flag regarding Innovative AIX's communication and financial operations?","Inconsistent communication and difficulties accessing funds, alongside limited transparency.","The company’s communication is evasive and unresponsive, and a customer reported difficulty accessing funds, along with conflicting information from the company.",False,False,PARTIAL,PARTIAL,PARTIAL
case_038,"What initial investment amount did Klaus Schmidt make with AI Trading Solutions, as indicated in the SAR?",5000 EUR,The email suggests starting with a small investment to test the waters.,False,False,WRONG,WRONG,WRONG
case_038,"According to the promotional material, what is one key benefit of using AI Trading Solutions?",Automated Trading,The platform utilizes artificial intelligence to maximize profits.,False,False,PARTIAL,PARTIAL,PARTIAL
case_038,"What was Klaus Schmidt's primary communication method with AI Trading Solutions, as evidenced by the Telegram chat log?",Telegram,Klaus Schmidt communicated with AI Trading Solutions through a Telegram chat.,False,False,EXACT,EXACT,EXACT
case_038,What is the purpose of the email sent to Klaus Schmidt on 2023-11-20?,To welcome him to the AI Trading Solutions community and provide initial guidance.,The purpose of the transaction was an initial investment to an AI Trading Solutions platform.,False,False,WRONG,WRONG,WRONG
case_038,"What suspicious indicator was noted in the SAR regarding the initial transaction, according to the provided report?",Unusual investment amount for customer profile,An unusual investment amount for customer profile and payment to an overseas entity with limited transparency were noted as suspicious indicators for the initial transaction.,False,False,PARTIAL,PARTIAL,PARTIAL
case_038,What did the support person recommend for the initial investment amount?,5000 EUR,The support person suggested beginning with €5000 to fully experience the AI's capabilities.,False,False,EXACT,EXACT,EXACT
case_038,What method of deposit did Klaus initially express interest in using?,Bank transfer,Klaus indicated he would use a bank transfer.,False,False,EXACT,EXACT,EXACT
case_038,What was the total amount of investment made by Klaus Schmidt across all the provided bank statements?,15000 EUR,Klaus Schmidt made an initial investment of 5000 EUR and an additional investment of 10000 EUR.,False,False,PARTIAL,PARTIAL,PARTIAL
case_038,What does the website screenshot suggest about the platform's perceived performance?,Exponential growth,"The website portrays the platform as delivering substantial returns, with a graph illustrating exponential growth and testimonials highlighting its effectiveness.",False,False,PARTIAL,PARTIAL,PARTIAL
case_038,"Based on the second SAR report, what was the investment amount in the second transaction?",10000 EUR,The investment amount in the second transaction was 10000.,False,False,PARTIAL,PARTIAL,PARTIAL
case_039,"What was the initial bonus offered to new members of NovaTrade AI, according to the first email?",100 EUR in trading credits,New members are offered a bonus allocation of 100 EUR in trading credits.,False,False,EXACT,EXACT,EXACT
case_039,"According to the SAR report from March 22, 2023, what was the description associated with the transaction involving Klaus Heinz's account?",Transfer to NovaTrade AI,The transaction description was a transfer to NovaTrade AI.,False,False,EXACT,EXACT,EXACT
case_039,"What was the balance in Klaus Heinz's account after the transfer to NovaTrade AI, as shown in the bank statement?",-5000.00,"I am unable to answer the question regarding the balance in Klaus Heinz's account, as that information is not provided.",False,False,WRONG,WRONG,WRONG
case_039,"What are two potential benefits of using NovaTrade AI, as described in the promotional material?",Maximize your returns with our advanced algorithms and No trading experience required,The platform maximizes returns with advanced algorithms and requires no prior trading experience.,False,False,EXACT,EXACT,EXACT
case_039,"What reason did NovaTrade AI give for delaying Klaus Heinz’s withdrawal request, according to email 2?",Ongoing system maintenance and security verification protocols,The withdrawal request is being processed due to ongoing system maintenance and security verification protocols.,False,False,PARTIAL,PARTIAL,PARTIAL
case_039,"Based on SAR-2023-05-15-002, what was the main reason for the denied withdrawal request?",Withdrawal Request Denied - NovaTrade AI,The withdrawal request was denied due to a potential fraud situation.,False,False,PARTIAL,PARTIAL,PARTIAL
case_039,What action was Klaus Heinz instructed to take to expedite the verification process in email 2?,Reply to the email with a screenshot of his ID and a recent utility bill,Klaus Heinz was instructed to confirm his account details by replying to the email with a screenshot of his ID and a recent utility bill.,False,False,EXACT,EXACT,EXACT
case_039,"According to the third email, what consequence could Klaus face if he fails to verify his account within 24 hours?",Permanent account closure,"If verification does not occur within 24 hours, the account may be permanently closed.",False,False,PARTIAL,PARTIAL,PARTIAL
case_039,What additional amount was Klaus Heinz instructed to transfer to a specified account in email 4 to prevent account closure?,"2,500 EUR","I am sorry, but this question cannot be answered from the provided information. There is no mention of transferring an amount to an account to prevent account closure in the available emails.",False,False,WRONG,WRONG,WRONG
case_039,"According to promotional material 2, what sentiment is expressed about the effectiveness of NovaTrade AI by Ingrid B.?",It has completely transformed my investment strategy!,Ingrid B. stated that NovaTrade AI has completely transformed her investment strategy and that she has seen returns she never thought possible.,False,False,PARTIAL,PARTIAL,PARTIAL
case_040,"According to the promotional material, what is a key feature differentiating Aix Capital from traditional investment methods?",Aix Capital utilizes revolutionary AI algorithms to predict market movements.,Aix Capital employs revolutionary AI algorithms to predict market movements with unmatched precision.,False,False,PARTIAL,PARTIAL,PARTIAL
case_040,What was the initial minimum deposit amount required to 'unlock Athena’s full potential'?,"€5,000","The minimum amount needed to unlock Athena’s full potential is €5,000.",False,False,EXACT,EXACT,EXACT
case_040,"Based on the email correspondence, what reason did Aix Capital Support initially provide for the withdrawal delay?",Our team is working diligently to resolve the issue.,Aix Capital Support initially stated there was a processing delay.,False,False,PARTIAL,PARTIAL,PARTIAL
case_040,What is the account balance displayed in the screenshot of the trading platform?,"€16,000","The account balance is displayed as €16,000.",False,False,EXACT,EXACT,EXACT
case_040,"Which entities were involved in the transaction of €10,000 on 2024-01-15?",Ulrich Baumann and Aix Capital Limited,"Ulrich Baumann, Aix Capital Limited, and Deutsche Bank were involved in the transaction.",False,False,PARTIAL,PARTIAL,PARTIAL
case_040,"What date was the SAR report concerning Ulrich Baumann’s initial €5,000 investment filed?",2023-11-29,"The SAR report concerning Ulrich Baumann’s initial €5,000 investment was filed on November 29, 2023.",False,False,EXACT,EXACT,EXACT
case_040,"Based on the Telegram chat log, how did Mark initially describe the performance of 'Athena' to Ulrich?",Athena is already working its magic – early adopters are seeing incredible results!,"Mark initially described Athena's performance as incredible, noting that early adopters were seeing exceptional results.",False,False,PARTIAL,PARTIAL,PARTIAL
case_040,"According to the promotional material, what is offered to new sign-ups?",A FREE consultation with our AI investment specialist!,New sign-ups are welcomed into a community of investors who utilize AI trading algorithms. They are also provided with a link to an introductory video.,False,False,PARTIAL,PARTIAL,PARTIAL
case_040,"What activity triggered the Suspicious Activity flag in the SAR report concerning the €10,000 deposit?",Large unusual deposit,"A large, unusual deposit triggered the Suspicious Activity flag.",False,False,EXACT,EXACT,EXACT
case_040,"What was the description used for the transaction of €5,000 in the SAR?",Investment in AI Trading Platform,The transaction description was investment in AI trading platform.,False,False,EXACT,EXACT,EXACT
case_041,What was the initial investment amount Michael Weber made according to the conversation with the AI Trading Expert?,"€5,000","The initial investment amount was €5,000.",False,False,EXACT,EXACT,EXACT
case_041,"According to the SAR report, which bank was the Reporting Institution?",Deutsche Bank AG,Deutsche Bank AG was the Reporting Institution.,False,False,EXACT,EXACT,EXACT
case_041,What is the name of the AI system being promoted in the promotional material?,Athena,The AI trading system being promoted is called Athena.,False,False,PARTIAL,PARTIAL,PARTIAL
case_041,Which jurisdiction is listed as the location of 'Global Investments Ltd.' in the SAR report?,Belize,Belize is listed as the jurisdiction of 'Global Investments Ltd.'.,False,False,EXACT,EXACT,EXACT
case_041,"What was the primary reason for Anna Schmidt's reporting of Michael Weber's activity, as described in the SAR findings?",Potential investment fraud scheme,"The findings indicate an unusual wire transfer to an offshore jurisdiction and a potential investment fraud scheme. Additionally, there was an increase in investment following encouragement from an alleged ""AI Trading Expert,"" also indicating a potential investment fraud scheme.",False,False,PARTIAL,PARTIAL,PARTIAL
case_041,What was the approximate portfolio balance shown in the screenshot of the trading platform?,"€13,000","The portfolio balance was approximately €13,000.",False,False,EXACT,EXACT,EXACT
case_041,"Besides the initial investment, how much more did Michael Weber invest in the Athena trading system, according to the SAR reports?","€3,000 + €2,000","Michael Weber's portfolio balance is shown as €13,000, which is a considerable increase from his initial €5,000 investment.",False,False,WRONG,WRONG,WRONG
case_041,"According to the email from the AI Trading Expert, what was suggested to maximize Michael Weber's returns?","Deposit another €2,000","The AI Trading Expert suggested adding another €2,000 to the account to maximize returns.",False,False,EXACT,EXACT,EXACT
case_041,What type of financial activity triggered the third SAR report?,Attempted withdrawal denied. Customer expresses concerns about investment.,A wire transfer was the type of financial activity that triggered the third SAR report.,False,False,WRONG,WRONG,WRONG
case_041,"According to the promotional material, what is one key benefit of using Athena highlighted for potential investors?",Proven Results: See exponential growth with minimal risk,Athena utilizes artificial intelligence to recognize and carry out profitable trades around the clock.,False,False,WRONG,WRONG,WRONG
case_042,What is the stated average monthly return promised by Quantum AI Trading according to the follow-up email?,18%,The system has generated an average return of 18% per month for investors.,False,False,PARTIAL,PARTIAL,PARTIAL
case_042,"According to the SAR reports, what is the country of origin for Quantum AI Trading LLC?",Belize,Quantum AI Trading LLC is based in Belize.,False,False,EXACT,EXACT,EXACT
case_042,What description is provided for the initial transaction from Hans Meier's bank statement?,Transfer to Quantum AI,The initial transaction is described as an investment to a Quantum AI Trading platform.,False,False,PARTIAL,PARTIAL,PARTIAL
case_042,"Based on the promotional materials, what is one of the key technologies utilized by Quantum AI Trading?",Artificial intelligence,Quantum AI Trading uses artificial intelligence to achieve its results.,False,False,EXACT,EXACT,EXACT
case_042,"According to the SAR 3, what amount did Hans Meier attempt to withdraw?","EUR 15,000",The attempted withdrawal was for an amount of zero.,False,False,WRONG,WRONG,WRONG
case_042,Which entity’s name appears as the recipient in both the initial and the second suspicious transaction reports?,Quantum AI Trading LLC,Quantum AI Trading LLC appears as the recipient in both reports.,False,False,EXACT,EXACT,EXACT
case_042,What is indicated in the screenshot description about the trading platform’s design?,Modern and sophisticated,"The trading platform's design is modern and sophisticated, conveying a sense of technological advancement and high profitability.",False,False,PARTIAL,PARTIAL,PARTIAL
case_042,What does the email initially sent to Hans Meier highlight about the trading strategy?,Utilizes cutting-edge artificial intelligence algorithms to identify and capitalize on market opportunities,The email describes a trading strategy that uses advanced artificial intelligence algorithms to recognize and benefit from market opportunities that others do not.,False,False,PARTIAL,PARTIAL,PARTIAL
case_042,"According to the SAR reports, what is the main finding that sparked the suspicion regarding Hans Meier’s transactions?",Unusual large transfer to an offshore company claiming AI trading services. Account holder's investment profile doesn't align with such high-risk activities,"The main finding that sparked suspicion was a large transfer to an offshore company that provides AI trading services, which didn't align with the account holder's investment profile. Additionally, the account holder reported an unsuccessful withdrawal attempt after investing a substantial amount of funds, leading to suspicions of fraudulent activity and an inability to access funds.",False,False,PARTIAL,PARTIAL,PARTIAL
case_042,What is the stated purpose of the consultation offered in the initial email?,To learn more and schedule a personalized consultation,The consultation is to address any questions and help guide the recipient through the setup process.,False,False,PARTIAL,PARTIAL,PARTIAL
case_043,"According to the initial email, what is the primary benefit Quantum AI Trading offers to potential investors?",Unlock unprecedented returns with cutting-edge artificial intelligence algorithms.,Quantum AI Trading offers a revolutionary approach to wealth creation using cutting-edge artificial intelligence algorithms.,False,False,PARTIAL,PARTIAL,PARTIAL
case_043,What is the subject of the follow-up email sent to Hans Meier?,Last Chance: Claim Your Quantum AI Trading Bonus,The subject of the email sent to Hans Meier is Withdrawal Request - Account #HM12345.,False,False,WRONG,WRONG,WRONG
case_043,"What amount did Hans Meier request to withdraw from his account, as stated in the email?","€15,000","Hans Meier requested a withdrawal of €15,000 from his account.",False,False,EXACT,EXACT,EXACT
case_043,"According to the SAR reports, what is the risk level assigned to the initial deposit to Quantum AI Trading?",High,I am unable to answer the question because the provided information does not contain any details regarding SAR reports or risk levels assigned to deposits.,False,False,WRONG,WRONG,WRONG
case_043,What country is listed for the beneficiary bank involved in the deposit transaction?,Belize,Belize.,True,True,EXACT,EXACT,EXACT
case_043,"Based on the bank statements, what are the two dates of incoming transfers to Hans Meier's account?",2023-08-10 and 2023-08-25,The dates of the incoming transfers are 2023-08-10 and 2023-08-25.,False,False,EXACT,EXACT,EXACT
case_043,What is the stated purpose of the transaction on 2023-09-01 according to the SAR?,Investment Deposit - Quantum AI Trading,The transaction on 2023-09-01 was an investment deposit for Quantum AI Trading.,False,False,PARTIAL,PARTIAL,PARTIAL
case_043,What indicator of the trading platform's performance is prominently displayed in the screenshot?,AI Confidence: 98%,"The screenshot shows indicators such as 'Daily Profit: €3,250' and 'AI Confidence: 98%'.",False,False,PARTIAL,PARTIAL,PARTIAL
case_043,What is the description of the customer interaction recorded in SAR 3?,Customer expressing concerns about account access and unusual account activity.,The customer expressed concerns about account access and unusual account activity.,False,True,EXACT,EXACT,EXACT
case_043,"In promotional material 2, what is the benefit of using Quantum AI Trading according to the client testimonial?",The returns are incredible!,"According to a client testimonial, the benefit of using Quantum AI Trading is that it delivers returns unlike any seen before.",False,False,PARTIAL,PARTIAL,PARTIAL
case_044,"What is the primary service offered by Crypto Asset Recovery, as stated in the initial email?",Recovering digital assets from fraudulent schemes.,The team specializes in recovering digital assets from fraudulent schemes.,False,True,PARTIAL,PARTIAL,PARTIAL
case_044,"According to the SAR reports, what is the description provided for the transfers made by Helmut Klein?",Transfer to Crypto Recovery Service,The transfers made by Helmut Klein are described as transfers to a Crypto Recovery Service.,False,False,EXACT,EXACT,EXACT
case_044,What is the account number used as the recipient for the transfers to 'Global Crypto Solutions Ltd.'?,GB67NWBK40302182397052,The recipient account number for transfers to 'Global Crypto Solutions Ltd.' is DE12345678901234567890.,False,False,WRONG,WRONG,WRONG
case_044,"Based on promotional material, what is one purported benefit of using Crypto Asset Recovery's services?",A proven track record of recovering digital assets from fraudulent schemes.,A free consultation and initial assessment are offered for a limited time.,False,False,WRONG,WRONG,WRONG
case_044,"What did the scammer, identifying himself as Victor, initially request from the user in the Telegram conversation?",Screenshots of the transaction and any communication with the scammer.,Victor initially asked the user to describe the situation involving the lost Bitcoin. He also requested screenshots of the transaction and any communication with the scammer.,False,False,PARTIAL,PARTIAL,PARTIAL
case_044,"What is the stated purpose of the 5,000 EUR transfer requested in email_2?",To facilitate the process of recovering the lost Bitcoin.,The transfer was described as an additional transfer to a crypto recovery service.,False,False,PARTIAL,PARTIAL,PARTIAL
case_044,"According to promotional material_3, what is the promise made regarding client satisfaction?",GUARANTEED Satisfaction or Your Money Back (terms and conditions apply - highly unlikely you'll get a refund).,"Clients are promised satisfaction or a refund, though it is highly unlikely they will receive a refund.",False,False,PARTIAL,PARTIAL,PARTIAL
case_044,What date is listed as the Report Date for SAR-20240310-001?,2024-03-10,The Report Date for SAR-20240310-001 is 2024-03-10.,False,False,EXACT,EXACT,EXACT
case_044,"According to the website description, what did the website display to build trust?",Testimonials from alleged satisfied clients.,The website features a clean and professional design and prominently displays testimonials from alleged satisfied clients.,False,False,PARTIAL,PARTIAL,PARTIAL
case_044,"Besides the initial 10,000 EUR, what additional amount was requested in email_2 for the recovery process?","5,000 EUR","An additional 5,000 EUR was requested.",False,False,EXACT,EXACT,EXACT
case_045,"According to the initial email, what is the primary benefit of using NovaTrade AI?",Delivering exceptional returns.,"NovaTrade AI helps users identify and capitalize on market opportunities, which results in exceptional returns.",False,False,PARTIAL,PARTIAL,PARTIAL
case_045,"What was the initial deposit amount Richard Adams made to NovaTrade AI, as reflected in the SAR?",5000.00,"Richard Adams' current balance is $5,000.00.",False,False,PARTIAL,PARTIAL,PARTIAL
case_045,"Based on the screenshot description, what is a key design element of the NovaTrade AI platform aimed at influencing user perception?",To create a sense of trust and high performance.,"The platform's design incorporates a modern and visually appealing aesthetic, intending to foster a sense of trust and high performance.",False,False,PARTIAL,PARTIAL,PARTIAL
case_045,What reason did NovaTrade AI initially provide for restricting Richard Adams’ account access?,Scheduled system maintenance.,Scheduled system maintenance caused the temporary restriction of account access.,False,False,EXACT,EXACT,EXACT
case_045,Which entities are mentioned in the promotional material and also appear in the bank statement?,NovaTrade AI,NovaTrade AI and Utility Bill Payment appear in both the promotional material and the bank statement.,False,False,PARTIAL,PARTIAL,PARTIAL
case_045,What was the secondary deposit amount Richard Adams made to NovaTrade AI?,10000.00,"The current balance is $5,000.00.",False,False,WRONG,WRONG,WRONG
case_045,"What type of communication prompted Richard Adams to contact NovaTrade AI support, and what was the subject of the communication?",An email regarding an account access issue and a rejected withdrawal request.,Richard Adams received two communications from NovaTrade AI support. One welcomed him to the platform and confirmed his account was active. The other informed him of temporary account access restrictions due to scheduled system maintenance.,False,False,WRONG,WRONG,WRONG
case_045,What event is described in the third SAR report?,"A withdrawal attempt failed, citing technical issues, and the victim reported inability to access funds.",A withdrawal attempt was made.,False,False,PARTIAL,PARTIAL,PARTIAL
case_045,What is the initial account balance reported to Richard Adams upon registration?,"$5,000.00","The account balance is $5,000.00.",False,False,EXACT,EXACT,EXACT
case_045,"According to promotional material, what feature ensures that NovaTrade AI constantly identifies market opportunities?",Our AI analyzes markets 24/7,Intelligent algorithms work around the clock to identify market opportunities.,False,False,PARTIAL,PARTIAL,PARTIAL
case_046,"What was the initial amount Ulrich Baumann deposited into his account, according to the bank statements?",15000.00 EUR,The initial deposit was 15000.00 EUR.,False,False,EXACT,EXACT,EXACT
case_046,What reason was given for the temporary suspension of withdrawal requests?,Scheduled system maintenance,Withdrawal requests were temporarily suspended due to scheduled system maintenance.,False,False,EXACT,EXACT,EXACT
case_046,"According to SAR 2, what was the description for the initial deposit to the AI Trading Elite platform?",Initial deposit to AI Trading Elite platform.,The provided information does not contain details about an initial deposit. It mentions utilizing artificial intelligence to identify and capitalize on market opportunities and highlights features like 24/7 automated trading and a high-profit potential.,False,False,WRONG,WRONG,WRONG
case_046,"What type of transaction occurred on 2023-05-12, as noted in SAR 3?",Deposit,The transaction type was a deposit.,False,False,EXACT,EXACT,EXACT
case_046,What is the IBAN associated with Ulrich Baumann's account?,DE12345678901234567890,The account number associated with Ulrich Baumann is 1234567890.,False,False,PARTIAL,PARTIAL,PARTIAL
case_046,"What platform is mentioned in promotional material, claiming to utilize artificial intelligence for trading?",AI Trading Elite,AI Trading Elite utilizes artificial intelligence to analyze market trends and execute trades.,False,False,PARTIAL,PARTIAL,PARTIAL
case_046,"What was the amount of the withdrawal request Ulrich Baumann attempted, and what was the outcome?","7500.00 EUR, it was denied due to system maintenance",Ulrich Baumann attempted to withdraw 7500.00 EUR. The withdrawal was denied due to system maintenance.,False,False,EXACT,EXACT,EXACT
case_046,"According to SAR 3, what fabricated information did the customer receive?",Fabricated profit reports,The customer received fabricated profit reports.,False,False,EXACT,EXACT,EXACT
case_046,What is the name of the reporting institution for the SAR reports?,Deutsche Bank,The reporting institution for the SAR reports is Deutsche Bank.,False,False,EXACT,EXACT,EXACT
case_046,"Based on the files, what are some strategies employed by AI Trading Elite to attract new customers?","24/7 Automated Trading, High-Profit Potential, Easy-to-Use Platform, No Prior Experience Required, a FREE Demo Account.","AI Trading Elite attracts new customers by emphasizing automated trading, highlighting the potential for substantial profits, and showcasing an accessible platform that doesn't demand prior experience. They also promote the use of cutting-edge artificial intelligence to analyze market trends and execute trades.",False,False,PARTIAL,PARTIAL,PARTIAL
case_047,What type of investment strategy does Innovative AIX claim to use?,AI-powered investment strategies.,Innovative AIX utilizes AI-powered investment strategies.,False,False,EXACT,EXACT,EXACT
case_047,"According to the promotional material, what is one of the advertised benefits of investing with Innovative AIX?",Risk-Free Returns,The AI minimizes risk while maximizing profits.,False,False,PARTIAL,PARTIAL,PARTIAL
case_047,What country is the beneficiary account of Innovative AIX located in?,United Arab Emirates,This information is not available.,False,False,WRONG,WRONG,WRONG
case_047,What triggered the initial suspicion reported in SAR_1?,Potential investment scheme involving AI trading. Customer appears to be new to this type of investment.,"A wire transfer to Innovative AIX, possibly related to an investment scheme involving AI trading, raised the initial suspicion. The customer was also noted to be new to this type of investment.",False,False,PARTIAL,PARTIAL,PARTIAL
case_047,What was the description provided for the wire transfer to Innovative AIX in SAR_1?,Wire transfer to Innovative AIX - potential investment,The wire transfer to Innovative AIX was described as a potential investment.,False,True,PARTIAL,PARTIAL,PARTIAL
case_047,What action did Deutsche Bank's Compliance Officer report in SAR_2?,"Customer attempting to withdraw funds, but transaction failed.","The Compliance Officer reported that a customer was attempting to withdraw funds, but the transaction failed. This suggests possible fraudulent activity or difficulty accessing funds.",False,False,PARTIAL,PARTIAL,PARTIAL
case_047,What reason did Innovative AIX give in email_3 for needing to verify Ulrich Baumann's identity?,Unusual activity on his account to ensure the security of investments.,Innovative AIX stated that they noticed unusual activity on Ulrich Baumann's account and need to verify his identity to ensure the security of his investments.,False,False,EXACT,EXACT,EXACT
case_047,"Based on the transaction logs, what is the sum of Ulrich Baumann's investments to Innovative AIX?",4000.00,The provided information does not contain any transaction logs or details about Ulrich Baumann's investments.,False,False,WRONG,WRONG,WRONG
case_047,What does SAR_3 indicate about Ulrich Baumann’s situation by the report date?,Customer reports fraudulent activity and loss of funds.,The report indicates that Ulrich Baumann reported fraudulent activity and a loss of funds.,False,False,PARTIAL,PARTIAL,PARTIAL
case_047,"What is the purpose of the website, as described in screenshot_website_1?",To showcase and promote Innovative AIX’s AI investing platform.,"The website aims to help users ""Unlock the Power of AI Investing"".",False,False,PARTIAL,PARTIAL,PARTIAL
case_048,"What was the initial deposit amount made by Thomas Baumann, according to the SAR report?","€50,000",The initial deposit amount was 50000 EUR.,False,False,PARTIAL,PARTIAL,PARTIAL
case_048,"According to email_3.txt, what was the predicted movement of the EUR/USD pair?",150-pip move,The analysts predicted a 150-pip move.,False,False,EXACT,EXACT,EXACT
case_048,What type of transaction is recorded in SAR_2.xml concerning Thomas Baumann’s account?,Debit,The transaction type recorded is a debit.,False,False,EXACT,EXACT,EXACT
case_048,What reason is provided in bank_statement_2.csv for the charge of -200 EUR?,Global Traders Rejection Fee,The charge of -200 EUR is due to a Global Traders Rejection Fee.,False,False,EXACT,EXACT,EXACT
case_048,"According to promotional_material_2.txt, what special promotion was offered by Global Traders?",Double your deposit,Global Traders is offering a special promotion where you can double your deposit and get started with twice the trading power.,False,False,PARTIAL,PARTIAL,PARTIAL
case_048,"Based on the screenshot_website_1.txt, what are three benefits highlighted on the Global Traders website?","Expert Guidance, Cutting-Edge Platform, High-Profit Potential","The website showcases benefits such as expert guidance, a cutting-edge platform, and the potential for high profits.",False,False,EXACT,EXACT,EXACT
case_048,"What is the main subject of the email sent from Thomas Baumann to Global Traders Support, as indicated in email_2.txt?",Question about initial deposit,The email concerns a question about an initial deposit.,False,False,EXACT,EXACT,EXACT
case_048,"What triggered the investigation, as described in the notes of SAR_3.xml?",Client complaint regarding fraudulent activity,"A client filed a complaint alleging a fraudulent investment scheme, which necessitates further investigation.",False,False,PARTIAL,PARTIAL,PARTIAL
case_048,"In SAR_1.xml, what is the listed reason for the initial transaction’s description?",Initial investment - Forex trading,"The initial transaction’s description is listed as ""Initial investment - Forex trading.""",False,False,EXACT,EXACT,EXACT
case_048,What is mentioned as a possible emotion that Global Traders aims to invoke in promotional material_1.txt?,Financial freedom,Global Traders seeks to inspire a desire for financial freedom.,False,False,PARTIAL,PARTIAL,PARTIAL
case_049,What initial deposit amount was requested from David Miller to begin trading on the platform?,"$5,000 CAD","A minimum of $5,000 CAD is required to begin trading.",False,False,PARTIAL,PARTIAL,PARTIAL
case_049,"According to the Suspicious Activity Reports, what is the primary concern regarding the transactions associated with Quantum AI?",Potential investment fraud scheme,"I am unable to answer the query regarding Suspicious Activity Reports as that information is not provided. The available details highlight features like real-time market analysis, automated trading strategies, and a user-friendly interface, alongside testimonials and a website address.",False,False,WRONG,WRONG,WRONG
case_049,What is the Swift Code associated with the bank account used for deposits to Quantum AI?,ZENO NG LA,The Swift Code is ZENO NG LA.,False,False,EXACT,EXACT,EXACT
case_049,"What country is Zenith Bank located in, as indicated in the Suspicious Activity Reports?",Nigeria,Zenith Bank is located in Nigeria.,False,False,EXACT,EXACT,EXACT
case_049,"Based on the promotional material, what is a key claim made about Quantum AI’s performance compared to human traders?",Our AI is 10x better than human traders!,The promotional material indicates that Quantum AI analyzes market trends and executes trades with unparalleled accuracy.,False,False,PARTIAL,PARTIAL,PARTIAL
case_049,What actions were taken to David Miller’s account that led to a 'High' suspicion level in SAR_2?,"A large withdrawal request was blocked by the platform, and the customer reported difficulty withdrawing funds.","A large withdrawal request was blocked by the platform, and the customer was reporting difficulty withdrawing funds. There is a potential investment fraud scheme.",False,False,PARTIAL,PARTIAL,PARTIAL
case_049,"Which entities are involved in the recipient of the withdrawals from David Miller’s account, as shown in the bank statements?",Apex Global Investments Ltd.,Zenith Bank in Nigeria and Apex Global Investments Ltd. in Cyprus are involved in the recipient of the withdrawals from David Miller’s account.,False,False,PARTIAL,PARTIAL,PARTIAL
case_049,"What type of deposit did David Miller make into the Quantum AI trading platform on December 5, 2023?",Credit,"David was instructed to deposit a minimum of $5,000 CAD into his trading wallet. The provided banking details are: Bank Name: Zenith Bank, Account Number: 1234567890, and Swift Code: ZENO NG LA.",False,False,WRONG,WRONG,WRONG
case_049,"Besides Zenith Bank, which other entity is mentioned as a recipient in the bank statement?",Apex Global Investments Ltd.,Quantum AI is mentioned as a trading platform.,False,False,WRONG,WRONG,WRONG
case_049,"According to the promotional materials, what is the claimed benefit of joining the Quantum AI trading community?","Stop Trading, Start Winning","Members will receive access to an AI trading platform, personalized trading strategies, and dedicated support from a team.",False,False,WRONG,WRONG,WRONG
case_050,What is the primary method AI-Trading-Pro claims to use for identifying trading opportunities?,Artificial intelligence algorithms that analyze market trends.,AI-Trading-Pro uses artificial intelligence to analyze market trends and identify opportunities.,False,False,PARTIAL,PARTIAL,PARTIAL
case_050,"According to the first email, what is promised to the recipient if they visit the website?",An exclusive introductory bonus.,"The email states that an initial investment of EUR 2,000 is required to unlock the benefits and maintain access to the account.",False,False,WRONG,WRONG,WRONG
case_050,What was the description provided for the second transaction involving a credit of 10000 EUR?,Additional investment in AI Trading Platform,"The transaction description is ""Additional investment in AI Trading Platform"".",False,False,EXACT,EXACT,EXACT
case_050,"What suspicious activity was noted regarding the second transaction of 10000 EUR, as reported in SAR 2?",Customer exhibits signs of potential pressure.,"The suspicious activity noted was an increased investment amount compared to a previous transaction, and the customer shows signs of potential pressure.",False,False,PARTIAL,PARTIAL,PARTIAL
case_050,Which company received the investment from Hans Schmidt?,Global Investment Solutions Ltd,Global Investment Solutions Ltd received the investment from Hans Schmidt.,False,False,EXACT,EXACT,EXACT
case_050,What is the website URL promoted in the initial email from AI-Trading-Pro?,www.ai-trading-pro.net,The website address is www.ai-trading-pro.net.,False,False,EXACT,EXACT,EXACT
case_050,What phrase does promotional material 2 use to describe AI-Trading-Pro's trading opportunities?,Lucrative trading opportunities that you won't find anywhere else.,AI-Trading-Pro utilizes artificial intelligence to identify lucrative trading opportunities.,False,False,PARTIAL,PARTIAL,PARTIAL
case_050,"According to email 3, what is required from Hans Schmidt to maintain access to his account?","A mandatory contribution of EUR 2,000.","A payment of EUR 2,000 is required to maintain access to the account.",False,False,EXACT,EXACT,EXACT
case_050,What was the description associated with the denied withdrawal request in SAR 3?,Withdrawal Request - Denied,"The description for the withdrawal request was ""Withdrawal Request - Denied"".",False,False,PARTIAL,PARTIAL,PARTIAL
case_050,"Based on the screenshot of the website, what elements are prominently displayed?","A logo displaying a stylized circuit board, rapidly increasing line graphs, testimonials, and a button that reads 'Start Trading Now'.","The website showcases a logo with a stylized circuit board and the name 'AI-Trading-Pro.' Charts illustrating rapidly increasing line graphs are visible, along with testimonials and a button labeled 'Start Trading Now.' A disclaimer section is also present.",False,False,PARTIAL,PARTIAL,PARTIAL
case_051,"According to the initial email, what is the minimum investment required to participate in the AI-Profit Solutions program?","€5,000","The minimum investment to get started is €5,000.",False,False,EXACT,EXACT,EXACT
case_051,"What jurisdiction is AI Profit Solutions located in, as stated in the SAR?",Cyprus,I am unable to answer the question as the provided information does not contain that detail.,False,False,WRONG,WRONG,WRONG
case_051,What is the purpose of the 'verification fee' requested in email_2?,To process the withdrawal request and ensure prompt receipt of profits.,The verification fee is needed to process a withdrawal request and ensure profits are received promptly. It's presented as a standard procedure for all clients.,False,False,PARTIAL,PARTIAL,PARTIAL
case_051,"Based on the telegram conversation, what additional investment amount did David recommend to Klaus?","€10,000",David suggested transferring an additional €200.,False,False,WRONG,WRONG,WRONG
case_051,"What is the risk level assigned to Klaus Heinz’s second transfer to AI Profit Solutions, as indicated in SAR_2?",High,The risk level is High.,False,False,EXACT,EXACT,EXACT
case_051,Which bank account was used to transfer the verification fee?,"Zenith Bank, Account Number: 4567890123",The verification fee was transferred to an account at Zenith Bank with the account number 4567890123.,False,False,PARTIAL,PARTIAL,PARTIAL
case_051,What does the screenshot of the trading platform display regarding the balance?,"€17,430","The displayed balance is €17,430.",False,False,EXACT,EXACT,EXACT
case_051,"Considering both SAR reports, what pattern emerges regarding the transfer destinations and the associated risk levels?","Both SAR reports indicate transfers to AI Profit Solutions in Cyprus, with the second transfer being associated with a 'High' risk level, particularly due to the pressure from an account manager.","Both reports indicate transfers to a location in Cyprus, and both are associated with elevated risk levels—moderate and high, respectively.",False,False,PARTIAL,PARTIAL,PARTIAL
case_051,"According to promotional_material_2, what characteristic of AI-Profit Solutions is advertised?",Guaranteed Profits (See Disclaimer),"AI-Profit Solutions is advertised as having a simple and secure platform, as well as dedicated account management.",False,False,WRONG,WRONG,WRONG
case_051,What prompted David (AI-Profit Solutions) to suggest Klaus transfer an additional €200?,"To resolve a technical glitch and ensure the transaction goes through smoothly, allegedly unlocking his profits.","There was a slight issue with the verification process for Klaus's withdrawal request, which was attributed to a minor technical glitch. To resolve this and ensure the transaction went through, David suggested transferring an additional €200.",False,False,PARTIAL,PARTIAL,PARTIAL
case_052,What was the initial amount of the first investment made by Hans Schmidt?,5000.00 EUR,The email indicates a small initial investment was made.,False,False,WRONG,WRONG,WRONG
case_052,"According to email_2.txt, what was suggested to maximize returns?",A further investment of €3000,Adding to the investment with a further investment of €3000 is suggested to maximize returns.,False,False,PARTIAL,PARTIAL,PARTIAL
case_052,"What country is the recipient bank located in, as indicated in the SAR reports?",Nigeria,The recipient bank is located in Nigeria.,False,False,EXACT,EXACT,EXACT
case_052,"Based on the promotional materials, what is the primary selling point of the AlphaGenesis system?",Automated wealth generation with minimal effort,The AlphaGenesis system allows users to generate passive income and earn money without engaging in manual trading.,False,False,PARTIAL,PARTIAL,PARTIAL
case_052,What is the stated reason for the verification fee mentioned in email_3.txt?,To ensure the safety of your funds,The verification fee is stated to ensure the safety of funds and is a standard practice.,False,False,PARTIAL,PARTIAL,PARTIAL
case_052,Which entities are directly involved in the transactions described in the SAR reports?,Hans Schmidt and AlphaGenesis Global,"The entities involved in the transactions are Hans Schmidt, AlphaGenesis Global, Sparkasse Nürnberg, and a bank in Nigeria.",False,False,PARTIAL,PARTIAL,PARTIAL
case_052,What unusual activity was flagged in the SAR report associated with the initial investment?,Unusual Destination Country - Nigeria,"The report noted an unusual destination country, which was Nigeria.",False,False,PARTIAL,PARTIAL,PARTIAL
case_052,"Besides the initial investment, what other reason is given for a transfer to AlphaGenesis Global in the SAR reports?",Additional Investment - AI Trading,The system uses sophisticated algorithms to identify and exploit market opportunities and generate passive income without the stress of manual trading.,False,False,WRONG,WRONG,WRONG
case_052,"According to promotional material_2.txt, what testimonials are advertised regarding the AlphaGenesis system?","“I’ve never seen profits like this!” - J. Miller, London","The AlphaGenesis system is advertised as generating passive income and allowing users to see profits like ""I’ve never seen profits like this!"" - J. Miller, London.",False,False,PARTIAL,PARTIAL,PARTIAL
case_052,What does the screenshot of the trading platform display regarding the 'AlphaGenesis AI - Daily Profit'?,A steep upward trajectory,The graph on the trading platform shows a steep upward trajectory labeled 'AlphaGenesis AI - Daily Profit'.,False,False,EXACT,EXACT,EXACT
case_053,"What initial amount did Hans Meier transfer to NovaTrade AI Limited on September 1st, 2023?",5000 EUR,"The information provided does not state that Hans Meier transferred any amount on September 1st, 2023. It mentions a transaction of 10,000 EUR on October 15th, 2023.",False,False,WRONG,WRONG,WRONG
case_053,"According to the promotional material, what is the key benefit of using NovaTrade AI?",Effortless Income,NovaTrade AI utilizes advanced artificial intelligence to produce consistent profits within the financial markets.,False,False,PARTIAL,PARTIAL,PARTIAL
case_053,What was the described reason for the temporary suspension of Hans Meier's withdrawal request?,A processing fee,"The withdrawal request was blocked, followed by insistent requests for additional processing fees.",False,False,PARTIAL,PARTIAL,PARTIAL
case_053,"What is the account number of 'Global Trade Solutions', the entity mentioned in email_3.txt?",MU07DTMB08030100000001,The account number for 'Global Trade Solutions' is MU07DTMB08030100000001.,False,False,EXACT,EXACT,EXACT
case_053,"Based on the SAR reports, what potential issue is associated with NovaTrade AI Limited?",Potential investment fraud,The SAR report indicates a potential investment fraud is associated with NovaTrade AI Limited. The report also suggests the increased investment amount may be due to duress or fabricated profits.,False,False,PARTIAL,PARTIAL,PARTIAL
case_053,What finding is recorded in the second SAR (CaseID 2023-10-20-DEF) regarding Hans Meier's investment?,"Increased investment amount, potentially under duress or influenced by fabricated profits.","An increased investment amount is noted, potentially under duress or influenced by fabricated profits.",False,True,EXACT,EXACT,EXACT
case_053,Which transaction types are associated with Hans Meier in the provided SARs?,Credit and Debit,Debit and Credit transaction types are associated with Hans Meier.,False,False,EXACT,EXACT,EXACT
case_053,What date of birth is listed for Hans Meier in the SAR reports?,1968-03-10,Hans Meier's date of birth is 1968-03-10.,False,False,EXACT,EXACT,EXACT
case_053,"According to the website screenshot, what does the graph displayed show about the trading system’s performance?",Steep upward trend labeled 'Monthly Profit Growth',The graph illustrates a significant upward trend in monthly profit growth.,False,False,PARTIAL,PARTIAL,PARTIAL
case_053,What was the purpose code assigned to the transfers to NovaTrade AI Limited in the SARs?,Investment,The purpose code assigned to the transfers to NovaTrade AI Limited was Investment.,False,False,EXACT,EXACT,EXACT
case_054,What was the initial amount of the exclusive Forex trading opportunity mentioned in the first email?,Not mentioned in the case files,The initial email mentions a limited-time offer for exclusive access to a premium trading program. It does not specify an amount.,False,False,PARTIAL,PARTIAL,PARTIAL
case_054,"According to the SAR report dated 2023-11-15, what type of transaction triggered the initial suspicious activity report?",Withdrawal Request,The initial suspicious activity report was triggered by a withdrawal request.,False,False,EXACT,EXACT,EXACT
case_054,What is the account number associated with Klaus Meier’s Global Forex Group account?,GFG12345,The account number is GFG12345.,False,False,EXACT,EXACT,EXACT
case_054,"Based on the bank statement, what was the total amount of online transfers received by Klaus Meier between 2023-08-20 and 2023-09-20?",30500.00,"The bank statement indicates online transfers of -500.00 EUR on 2023-08-20, -10000.00 EUR on 2023-09-05, and -15000.00 EUR on 2023-09-20.",False,False,WRONG,WRONG,WRONG
case_054,"What currency pair was traded in the Forex platform transaction history in September 2023, according to the logs?","EUR/USD, GBP/USD, USD/JPY","According to the logs, the currency pairs traded in September 2023 were GBP/USD and USD/JPY.",False,False,PARTIAL,PARTIAL,PARTIAL
case_054,What is the stated purpose of the promotional material from Global Forex Group?,To attract new members and promote Forex trading opportunities.,"The promotional material aims to encourage individuals to engage in Forex trading and achieve financial freedom. It highlights opportunities for profit generation, offers support, and provides a secure trading platform. A limited-time offer of doubling the initial deposit is also presented to new members.",False,False,PARTIAL,PARTIAL,PARTIAL
case_054,What is the displayed account balance shown in the screenshot of the Forex platform?,"€13,975.00","The account balance is displayed as €13,975.00.",False,False,EXACT,EXACT,EXACT
case_054,"According to the SAR report dated 2024-01-20, what is the description of the suspicious activity?",Significant deposit received from Klaus Meier following initial small deposit.,"The description of the suspicious activity is that a significant deposit was received following initial small deposits, and further investigation is warranted.",False,False,PARTIAL,PARTIAL,PARTIAL
case_054,What did the reporting institution offer as a limited-time offer for new members?,Double their initial deposit.,"The institution is offering new members a chance to double their initial deposit. If a member deposits €500, the institution will match it, providing them with €1000 to begin trading.",False,False,PARTIAL,PARTIAL,PARTIAL
case_054,"According to the SAR report from 2024-02-15, what communication status is associated with Klaus Meier?",Communication attempts unsuccessful.,Communication attempts with Klaus Meier have been unsuccessful.,False,False,PARTIAL,PARTIAL,PARTIAL
case_055,"What is the stated purpose of Innovative AI Chart, according to promotional materials?",To provide an unparalleled trading experience utilizing advancements in artificial intelligence.,Innovative AI Chart aims to provide an unparalleled trading experience by utilizing advancements in artificial intelligence to analyze data and identify trends.,False,False,PARTIAL,PARTIAL,PARTIAL
case_055,"According to the Telegram chat log, what initial return was promised to Hans Meier?",15% within 24 hours.,An initial investment of €2000 would yield 15% within 24 hours.,False,False,PARTIAL,PARTIAL,PARTIAL
case_055,What is the location of Global Investments Ltd. as reported in the Suspicious Activity Report?,"Road Town, Tortola, British Virgin Islands","Global Investments Ltd. is located in Road Town, Tortola, British Virgin Islands.",False,False,EXACT,EXACT,EXACT
case_055,"What is the total amount of money Hans Meier transferred to Global Investments Ltd., as indicated across the various files?",20000,"A total of 13,000.00 EUR was transferred to Global Investments Ltd.",False,False,WRONG,WRONG,WRONG
case_055,"According to the SAR, what is the nature of the suspicious activity involving Global Investments Ltd?",Receiving large sums of money from multiple individuals with no apparent business relationship. Funds being transferred to Belize.,"The suspicious activity involves receiving large sums of money from multiple individuals with no apparent business relationship, with funds being transferred to Belize. There's also an unusual transaction pattern involving transfers to an offshore account, potentially linked to investment fraud.",False,False,PARTIAL,PARTIAL,PARTIAL
case_055,What concern did Hans Meier express in the Telegram chat log?,I’m starting to worry.,"Hans Meier expressed concern, stating he hadn't seen any substantial returns lately.",False,False,PARTIAL,PARTIAL,PARTIAL
case_055,What is the date of the Suspicious Activity Report?,2024-01-25,The Suspicious Activity Report has two dates: 2024-01-25 and 2023-11-12.,False,False,PARTIAL,PARTIAL,PARTIAL
case_055,What does the promotional material offer as an incentive to sign up?,A FREE consultation with AI Trading Specialists.,New members can receive a complimentary consultation with an expert analyst for a limited time.,False,False,PARTIAL,PARTIAL,PARTIAL
case_055,"Besides Hans Meier, are any other individuals or entities mentioned as having sent funds to the account detailed in the SAR?",None,The SAR does not indicate any other individuals or entities sent funds besides Hans Meier.,False,False,PARTIAL,PARTIAL,PARTIAL
case_056,What was the initial investment amount Ulrich Baumann made with AI Trading Pro?,"€5,000",The provided information does not specify the initial investment amount Ulrich Baumann made with AI Trading Pro.,False,False,WRONG,WRONG,WRONG
case_056,"According to the SAR reports, what were two initial findings related to Ulrich Baumann's activity?","Unsolicited contact, High-pressure sales tactics",One report indicates a denial of a withdrawal request and a potential fraud related to an inability to access funds. Another report suggests a potential investment fraud involving unsolicited contact and high-pressure sales tactics.,False,False,PARTIAL,PARTIAL,PARTIAL
case_056,What action did Ulrich Baumann take after making the initial deposit?,He inquired about account setup and requested clarification.,Ulrich Baumann was confused about navigating the platform and requested clarification.,False,False,PARTIAL,PARTIAL,PARTIAL
case_056,"Besides the initial investment, how much did Ulrich Baumann deposit in a later transaction?","€3,000",The report indicates a withdrawal attempt of 10000.00 EUR.,False,False,WRONG,WRONG,WRONG
case_056,What was the stated reason for requiring an additional verification fee from Ulrich Baumann?,Increased security measures to ensure the safety of funds.,The reason provided was to ensure the safety of the funds.,False,False,PARTIAL,PARTIAL,PARTIAL
case_056,"What was the description associated with the initial transaction of €5,000?",Initial Investment - AI Trading Pro,"The initial transaction of €5,000 was associated with the description ""Initial Investment - AI Trading Pro"".",False,False,EXACT,EXACT,EXACT
case_056,What is the timestamp associated with the screenshot of the AI Trading Pro platform?,2023-09-10 14:30 GMT+1,The screenshot was taken on 2023-09-10 at 14:30 GMT+1.,False,False,PARTIAL,PARTIAL,PARTIAL
case_056,What was the amount of the attempted withdrawal and why was it denied?,"€10,000, due to the withdrawal request being denied.","The attempted withdrawal was 10,000.00 EUR. It was denied due to a report indicating the withdrawal request was denied by AI Trading Pro.",False,False,PARTIAL,PARTIAL,PARTIAL
case_056,What promotional offer was advertised alongside an image of a luxurious yacht?,Exclusive Bonus: Get a free consultation with our expert trading advisors!,A free consultation with expert trading advisors was offered alongside an image of a luxurious yacht.,False,False,PARTIAL,PARTIAL,PARTIAL
case_056,What did Ulrich Baumann express in his urgent email regarding his withdrawal issues?,"He expressed concern, suspicion of fraudulent activity, and a desire for his money back.","Ulrich Baumann conveyed his concern about a denied withdrawal request and a request for an additional verification fee, leading him to suspect fraudulent activity and wanting his money back.",False,False,PARTIAL,PARTIAL,PARTIAL
case_057,"According to promotional material, what is a key benefit of using Aionautica's platform?",Guaranteed returns,"A key benefit is the ability to generate consistent profits, even when the market is unstable.",False,False,PARTIAL,PARTIAL,PARTIAL
case_057,What was the initial investment amount made by David Miller?,"$5,000","The minimum investment to begin using the system is $5,000.",False,False,PARTIAL,PARTIAL,PARTIAL
case_057,What is the minimum investment required to start using Aionautica's system?,"$5,000","The minimum investment to begin using the system is $5,000.",False,False,EXACT,EXACT,EXACT
case_057,"Based on the SAR reports, which financial institution filed the suspicious activity reports?",Global Finance Solutions,Global Finance Solutions filed the suspicious activity reports.,False,False,EXACT,EXACT,EXACT
case_057,What was the description provided for the initial investment transaction in SAR-20230401-001?,Initial investment,"The description for the initial investment transaction was ""Initial investment"".",False,False,PARTIAL,PARTIAL,PARTIAL
case_057,What was the reported current balance of David Miller’s account according to email_2.txt?,"$6,500","According to the email, David Miller's current balance is $6,500.",False,False,EXACT,EXACT,EXACT
case_057,What additional investment was recommended to David Miller based on the AI's analysis?,"$25,000","An investment of $25,000 was recommended to capitalize on a significant opportunity identified by the AI.",False,False,PARTIAL,PARTIAL,PARTIAL
case_057,"According to the Facebook ad screenshot, who is the target audience for Aionautica's advertisements?",Users aged 55-64 interested in investing and finance,The advertisement is directed toward individuals aged 55 to 64 who have an interest in investing and finance.,False,False,EXACT,EXACT,EXACT
case_057,"In what month and year did David Miller attempt a withdrawal, based on the bank statement_2.csv?",August 2023,David Miller attempted a withdrawal in August 2023.,False,False,EXACT,EXACT,EXACT
case_057,"Based on promotional material_2.txt, what sentiment does David M. express about his experience with Aionautica?",He felt intimidated by investing before using Aionautica and now sees incredible results.,David M. describes his experience with Aionautica as easy and expresses that he is seeing incredible results.,False,False,PARTIAL,PARTIAL,PARTIAL
case_058,"What was the initial investment amount made by David Miller to AlgoTrade Pro, according to the bank statement?",5000.00,The initial investment amount was $5000.,False,False,PARTIAL,PARTIAL,PARTIAL
case_058,What type of activity did the Suspicious Activity Report (SAR) initially flag concerning David Miller's account?,Potential Investment Fraud,The Suspicious Activity Report (SAR) initially flagged unusual activity based on the investment platform's reputation and unsolicited contact.,False,False,PARTIAL,PARTIAL,PARTIAL
case_058,"According to the promotional material, what is one benefit that AlgoTrade Pro offers to its members?",Generates consistent profits,AlgoTrade Pro uses Artificial Intelligence to identify and capitalize on market opportunities continuously.,False,False,PARTIAL,PARTIAL,PARTIAL
case_058,What was the described reason for the 1500.00 transaction from AlgoTrade Pro to David Miller in SAR 2?,Simulated profit payout,The transaction was described as a simulated profit payout.,False,False,EXACT,EXACT,EXACT
case_058,"Based on the telegram conversation, what was the initial deposit amount suggested by the AI Trading Advisor?",5000,The AI Trading Advisor suggested an initial deposit of $5000.,False,False,EXACT,EXACT,EXACT
case_058,"What country was the receiving account for the initial investment transaction located in, according to the SAR?",Romania,The receiving account for the initial investment transaction was located in the United States.,False,False,WRONG,WRONG,WRONG
case_058,What did the screenshot of the website depict in relation to profits?,Graphs showing steep upward trends labeled 'Profit Growth',"The website displayed graphs illustrating significant upward trends, labeled as ""Profit Growth.""",False,False,EXACT,EXACT,EXACT
case_058,"What was the reason for the denied withdrawal attempt, according to SAR 3?",Attempted withdrawal denied,The attempted withdrawal was denied.,False,True,EXACT,EXACT,EXACT
case_058,Which entities are associated with the 'AlgoTrade Pro' account (9876543210) as both a sender and a receiver in the provided documents?,"AlgoTrade Pro Team, David Miller","The promotional materials highlight that AlgoTrade Pro utilizes artificial intelligence to identify and capitalize on market opportunities. Members can receive a free consultation with an expert trading advisor when they join. The system is designed to maximize returns while minimizing risk, and has reportedly generated profits for users.",False,False,WRONG,WRONG,WRONG
case_058,What did the promotional material state about testimonials?,"""I've never seen profits like this before!"" - John S.
""AlgoTrade Pro is a game-changer!"" - Emily B.",The promotional material stated that the AI is incredibly accurate and will deliver consistent returns.,False,False,WRONG,WRONG,WRONG
case_059,"What is the primary marketing message used to attract investors to ProfitMatrix, as described in the promotional material?","Stop Trading, Start Winning with ProfitMatrix!","The promotional material conveys the message that investors can stop losing money and start winning by utilizing the AI trading system, which automates the trading process and maximizes profits without requiring prior experience.",False,False,PARTIAL,PARTIAL,PARTIAL
case_059,"According to the SAR reports, what are the key reasons for suspicion regarding David Miller's activities?","Possible investment fraud; initial investment with limited information available, and victim reports difficulty withdrawing funds; potential fraudulent investment scheme.","The reports indicate concerns about possible investment fraud, with limited information initially available. Additionally, there are reports of difficulty withdrawing funds, suggesting a potential fraudulent investment scheme.",False,False,PARTIAL,PARTIAL,PARTIAL
case_059,"What is the initial investment amount made by David Miller, as shown in the bank statement?",5000.00,"The bank statement indicates an attempted withdrawal of $10,000 CAD.",False,False,WRONG,WRONG,WRONG
case_059,What specific features are highlighted as benefits of the ProfitMatrix AI trading system in the promotional material?,"No Trading Experience Required, Automated Trading: Let our AI do the work, Real-Time Results: Watch your profits grow","The system requires no prior trading experience and automates the trading process. Users can expect to see real-time results and profit growth. A limited-time offer includes a $1,000 bonus investment upon sign-up.",False,False,PARTIAL,PARTIAL,PARTIAL
case_059,"According to the telegram chatlog, what percentage increase was initially reported to David on his investment?",+12%,"The initial investment was performing exceptionally well, showing a +12% increase.",False,False,PARTIAL,PARTIAL,PARTIAL
case_059,What is the email address provided for contact and support related to ProfitMatrix?,ai.trading.support@profitmatrix.net,The email address ai.trading.support@profitmatrix.net is provided for contact and support.,False,False,PARTIAL,PARTIAL,PARTIAL
case_059,"Besides David Miller, what other names or entities are mentioned across multiple files (email, SAR, bank statement, chatlog)?","ProfitMatrix Ltd, Aiden",ProfitMatrix Ltd. and Canadian Bank of Commerce are mentioned across multiple files.,False,False,PARTIAL,PARTIAL,PARTIAL
case_059,"Based on the website screenshot, what is the stated purpose of the 'team photo' section on the ProfitMatrix website?",The images appear to be generic stock photos,The team photo section is intended to depict individuals in a high-tech trading environment.,False,False,WRONG,WRONG,WRONG
case_059,"What date did the reporting institution, Canadian Bank of Commerce, first file a Suspicious Activity Report (SAR) concerning David Miller?",2023-12-05,"The reporting institution, Canadian Bank of Commerce, first filed a Suspicious Activity Report (SAR) concerning David Miller on December 5, 2023.",False,False,EXACT,EXACT,EXACT
case_059,"What is the recipient country of the transactions made to ProfitMatrix, as indicated in the SAR reports?",United Arab Emirates,The recipient country for the transactions made to ProfitMatrix is the United Arab Emirates.,False,False,EXACT,EXACT,EXACT
case_060,What was the initial investment amount made by Klaus Meier?,"€5,000","The minimum investment amount required for access to the Chronos fund is €5,000.",False,False,PARTIAL,PARTIAL,PARTIAL
case_060,"According to the promotional material, what is the average weekly return promised by the Chronos AI trading system?",12%,The promotional material states that the weekly average returns are 12%.,False,False,EXACT,EXACT,EXACT
case_060,What type of transaction triggered the Suspicious Activity Report (SAR)?,Funds Transfer,The Suspicious Activity Report (SAR) was triggered by a Funds Transfer.,False,False,EXACT,EXACT,EXACT
case_060,"Based on the SAR reports, what are two findings that raise concerns about the investment opportunity?","Unusually large transaction for an individual with reported income, Recipient is a newly established company with limited public information",An unusually large transaction was made for an individual with reported income. The recipient of the funds is a newly established company with limited public information.,False,True,EXACT,EXACT,EXACT
case_060,What reason was initially provided for the temporary restriction of Klaus Meier's account?,Ongoing system upgrades,The account access was temporarily restricted due to ongoing system upgrades.,False,False,EXACT,EXACT,EXACT
case_060,What does the website screenshot suggest about the team behind NovaTech AI?,They have generic stock photos and vague biographies,The team's information is presented with stock photos and vague biographies.,False,False,EXACT,EXACT,EXACT
case_060,"Besides Klaus Meier, which other entity is mentioned in both the SAR reports?",NovaTech AI Ltd.,NovaTech AI Ltd. is mentioned in both reports.,False,False,EXACT,EXACT,EXACT
case_060,"According to the email sent to Klaus Meier, what action should he NOT attempt to take during the account restriction?",Accessing his account,He should not attempt to access his account during this period.,False,False,EXACT,EXACT,EXACT
case_060,"Considering the bank statements, what was the last amount Klaus Meier transferred from his account?",-2000.00,The last amount transferred from the account was -2000.00 EUR.,False,False,PARTIAL,PARTIAL,PARTIAL
case_060,What promotional tactic does the second promotional material employ to attract new investors?,Exclusive Bonus: Sign up now and receive a free personalized investment consultation!,The promotional material highlights a limited-time investment opportunity and offers an exclusive bonus of a personalized investment consultation to encourage sign-ups.,False,False,PARTIAL,PARTIAL,PARTIAL
case_061,"According to the SAR reports, what is the primary reason for suspicion regarding David Miller's transactions?","Unusual wire transfer to offshore account with limited transparency, Multiple attempts to withdraw funds resulting in rejection; possible unauthorized access, Multiple wire transfers to offshore account without apparent legitimate purpose.","The reports indicate that suspicion arises from multiple attempts to withdraw funds resulting in rejection, alongside wire transfers to an offshore account without a clear, justifiable purpose.",False,False,PARTIAL,PARTIAL,PARTIAL
case_061,What is the name of the trading platform developed by Connect Innovations?,Chronos,The trading platform developed by Connect Innovations is called 'Chronos'.,False,False,EXACT,EXACT,EXACT
case_061,What is the Beneficiary Country for the wire transfers mentioned in the SAR reports?,Belize,The wire transfers were sent to Belize.,False,False,EXACT,EXACT,EXACT
case_061,"Based on the promotional material, what is one advantage of using the Chronos trading platform?","Superior returns, Automated trading, 24/7 monitoring.","The platform automates the trading process, allowing it to handle the work for the user.",False,False,PARTIAL,PARTIAL,PARTIAL
case_061,"What transaction occurred on 2023-09-01, according to the first bank statement?","Wire Transfer - Connect Innovations, -5000.00",A wire transfer to Connect Innovations occurred.,False,False,PARTIAL,PARTIAL,PARTIAL
case_061,"Which entities are associated with the ‘Alpha Plus’ strategy, as mentioned in the third email?",Chronos and Connect Innovations,ChronosTrade is associated with the ‘Alpha Plus’ strategy.,False,False,PARTIAL,PARTIAL,PARTIAL
case_061,"What is the AI Confidence Level displayed on the Chronos Trading Platform Dashboard, as shown in the screenshot?",98%,The AI Confidence Level is 98%.,False,False,EXACT,EXACT,EXACT
case_061,"What action did David Miller attempt on 2024-01-22, and what was the outcome?","Attempted withdrawal, rejected","David Miller attempted a withdrawal, but it was rejected.",False,False,EXACT,EXACT,EXACT
case_061,"According to the bank statement 3, what was the balance after David Miller made an online transfer?",-6521.01,The balance after the online transfer was -6521.01 CAD.,False,False,PARTIAL,PARTIAL,PARTIAL
case_061,What is the subject’s date of birth as indicated in the SAR reports?,1972-01-15,The subject's date of birth is 1972-01-15.,False,False,EXACT,EXACT,EXACT
case_062,What was the initial investment amount Klaus Schmidt made?,5000 EUR,The initial investment amount was 5000 euros for the Bronze account.,False,False,PARTIAL,PARTIAL,PARTIAL
case_062,"According to the promotional material, what is a key benefit of using AI-Trader?",Profitable Renditen ohne Risiko! (Profitable returns without risk!),A key benefit is that it is easy to use and does not require any prior experience.,False,False,WRONG,WRONG,WRONG
case_062,What country is Fidelity Bank located in?,Malta,Fidelity Bank is located in Malta.,False,False,EXACT,EXACT,EXACT
case_062,What was the reason given for the temporary account suspension?,ungewöhnlichen Transaktionen (unusual transactions),The account was temporarily suspended due to unusual transactions.,False,False,PARTIAL,PARTIAL,PARTIAL
case_062,"Based on the SAR reports, which entity consistently receives the funds from Klaus Schmidt?",GlobalTech Investments Ltd.,GlobalTech Investments Ltd. consistently receives the funds from Klaus Schmidt.,False,False,EXACT,EXACT,EXACT
case_062,"What type of verification process was requested from Klaus Schmidt, according to email_2?",further verification,"An additional verification is needed because a withdrawal request was received. To complete the process, a link has been provided.",False,False,PARTIAL,PARTIAL,PARTIAL
case_062,What phone number is provided for contact regarding the account suspension?,+212-555-1212,The phone number +212-555-1212 is provided for contacting support to resolve the matter.,False,False,PARTIAL,PARTIAL,PARTIAL
case_062,What security measure was implemented that lead to a withdrawal request needing further verification?,increased security measures,Increased security measures led to the withdrawal request needing further verification.,False,False,PARTIAL,PARTIAL,PARTIAL
case_062,What is the website address mentioned in the promotional material?,www.ai-trader.tech,The website address is www.ai-trader.tech.,False,False,EXACT,EXACT,EXACT
case_062,What does the website screenshot describe about the profit calculator?,promises exorbitant returns with minimal investment,The profit calculator is stated to promise exorbitant returns with minimal investment.,False,False,EXACT,EXACT,EXACT
case_063,What was the initial investment amount made by Hans Meier?,5000.00 EUR,The initial investment amount made was 5000.00 EUR.,False,False,PARTIAL,PARTIAL,PARTIAL
case_063,"According to promotional material, what is a key feature of the AI Trading Elite system?",No Experience Needed,The system utilizes artificial intelligence to identify and exploit profitable trading opportunities around the clock.,False,False,WRONG,WRONG,WRONG
case_063,What description was used to categorize the initial transaction in the Suspicious Activity Report?,Initial Investment - AI Trading System,"The initial transaction was described as ""Initial Investment - AI Trading System"".",False,False,EXACT,EXACT,EXACT
case_063,"What was the total balance displayed on the trading platform dashboard, according to the screenshot?","€6,250","The balance shown on the trading platform dashboard was €5,000.",False,False,WRONG,WRONG,WRONG
case_063,What reason did the AI Trading Elite team provide for the temporary suspension of Hans Meier's withdrawal request?,An ongoing system verification process,"The withdrawal request was temporarily suspended due to an ongoing system verification process, which is a standard security measure.",False,False,PARTIAL,PARTIAL,PARTIAL
case_063,Which entities appear in both the SAR reports and the bank statements?,"Hans Meier, AI Trading Elite Limited, DeutscheBank","Hans Meier, AI Trading Elite Limited, DeutscheBank, and accounts DExxxxxxxxxxxxx and CYxxxxxxxxxxxxx appear in both reports.",False,False,PARTIAL,PARTIAL,PARTIAL
case_063,"What was the purpose of the withdrawal attempt made by Hans Meier on January 20, 2024?",Withdrawal Attempt,The attempted withdrawal was described as an attempt to withdraw a significant amount of funds. It was reportedly rejected by the platform.,False,False,PARTIAL,PARTIAL,PARTIAL
case_063,What was the narrative in the Suspicious Activity Report concerning the 'Profit Payout' transaction?,Client received a payout purportedly representing profits generated by an automated trading system. The legitimacy of these profits requires further investigation. Consistent with prior suspicious activity.,"The client received a payout supposedly representing profits generated by an automated trading system. The legitimacy of these profits requires further investigation, consistent with prior suspicious activity.",False,True,PARTIAL,PARTIAL,PARTIAL
case_063,What is the date format of the report date in the SARs?,YYYY-MM-DD,The format is YYYY-MM-DD.,False,False,EXACT,EXACT,EXACT
case_063,"Based on the promotional material, what is emphasized to attract potential investors?",High Profit Potential,"The promotional material highlights the potential for generating profits through an automated trading system. It's emphasized that no prior experience is necessary, and users can expect to see results quickly through a simple and secure platform. A limited-time offer includes a free consultation with an expert.",False,False,PARTIAL,PARTIAL,PARTIAL
case_064,What was the initially promised monthly return percentage for investments in the AI trading platform?,15-20%,The platform initially promised monthly returns of 15-20%.,False,False,EXACT,EXACT,EXACT
case_064,What was the minimum investment amount required to participate in the AI trading program?,€5000,"The provided information does not specify a minimum investment amount. It suggests increasing the investment to maximize returns and highlights an offer to double money, but no minimum is stated.",False,False,WRONG,WRONG,WRONG
case_064,"According to the first SAR report, what was the description provided for the transaction when Klaus Schmidt transferred funds?",Transfer to AI Trading Platform,The transaction was described as a withdrawal request that was declined.,False,False,WRONG,WRONG,WRONG
case_064,What was the reason given for the temporary suspension of Klaus Schmidt's withdrawal request?,A system upgrade,The withdrawal request was temporarily suspended due to a system upgrade.,False,False,EXACT,EXACT,EXACT
case_064,What was the amount of the verification fee Klaus Schmidt was asked to pay to process his withdrawal?,€500,Klaus Schmidt was asked to pay a verification fee of €500 to process his withdrawal.,False,False,EXACT,EXACT,EXACT
case_064,What country is the recipient account (NG48901234567890123456) located in?,Nigeria,Nigeria.,True,True,EXACT,EXACT,EXACT
case_064,"Based on the promotional material, what is the main benefit of using the AetherTrade platform according to its advertisements?",Guaranteed 20% monthly returns,"The primary advantage highlighted is the potential to earn substantial returns, specifically 15-20% or even 20% monthly. The platform also emphasizes a hassle-free and automated trading experience, requiring no prior expertise.",False,False,PARTIAL,PARTIAL,PARTIAL
case_064,What did the second SAR report indicate regarding the timing of events and requests for funds?,"An initial small transfer, followed by claims of profits and escalating requests for funds.",The report indicated escalating requests for funds and refusal to release funds along with additional demands for money.,False,False,PARTIAL,PARTIAL,PARTIAL
case_064,What was the balance in Klaus Schmidt's account after the first transfer to the AI trading platform?,€700.00,"The account balance is listed as €14,750.00.",False,False,WRONG,WRONG,WRONG
case_064,What type of file contained a screenshot of the 'AetherTrade' platform and described its design?,screenshot_trading_platform.txt,A file contained a screenshot of the 'AetherTrade' platform and detailed its design.,False,False,WRONG,WRONG,WRONG
case_065,What was the initial amount Alexander Harding invested with SecureInvest?,"$5,000","Alexander Harding was prompted to begin with $5,000 to utilize the AI's capabilities.",False,False,PARTIAL,PARTIAL,PARTIAL
case_065,"According to the promotional material, what is one benefit of joining the Chronos AI VIP program?",Personalized Trading Strategies,"Becoming a Chronos AI VIP member unlocks exclusive benefits, such as personalized trading strategies.",False,False,EXACT,EXACT,EXACT
case_065,"What country is associated with Belize International Bank, the recipient bank for the wire transfers?",Belize,Belize.,True,True,EXACT,EXACT,EXACT
case_065,What return on investment did the email from 'AI Trading Expert' claim Chronos was producing?,32%,The email states that the current portfolio balance is showing a 32% return on the initial investment.,False,False,PARTIAL,PARTIAL,PARTIAL
case_065,"Based on the SAR report, what was the primary reason for the initial suspicion regarding Alexander Harding’s transactions?","Multiple wire transfers to an offshore entity, SecureInvest LLC, in Belize, following unsolicited contact via Telegram claiming expertise in AI trading.","The initial suspicion stemmed from multiple wire transfers to an offshore entity, SecureInvest LLC, located in Belize, following unsolicited contact via Telegram about AI trading. The customer appeared to be seeking high returns with a limited understanding of investment risks.",False,False,PARTIAL,PARTIAL,PARTIAL
case_065,What was the description used for the wire transfers to SecureInvest in the SAR and bank statements?,Wire Transfer to SecureInvest,"The description for the wire transfers to SecureInvest was ""Wire Transfer to SecureInvest"".",False,False,EXACT,EXACT,EXACT
case_065,What action was taken regarding Alexander Harding’s attempted withdrawal?,The withdrawal request was blocked,"The withdrawal request was blocked due to ""verification issues.""",False,False,PARTIAL,PARTIAL,PARTIAL
case_065,"What is the name and title of the Compliance Officer at First National Bank, as listed in the SARs?","Jane Doe, Compliance Officer","The Compliance Officer's name is Jane Doe, and her title is Compliance Officer.",False,False,EXACT,EXACT,EXACT
case_065,"According to the screenshot of the website, what is the URL of the Chronos AI platform?",secureinvest.bz,The URL displayed in the browser bar is secureinvest.bz.,False,False,EXACT,EXACT,EXACT
case_065,Which entities are referenced in promotional material but not in the SAR report?,None,Telegram is referenced in promotional material but not in the SAR report.,False,False,WRONG,WRONG,WRONG
case_066,What is the stated average monthly return promised by AI Trading Profits?,15-30%,"The AI consistently outperforms the market, delivering an average of 15-30% monthly returns.",False,False,EXACT,EXACT,EXACT
case_066,"According to the initial email, what is included as an attachment?",AI_Trading_Profits_Intro_Guide.pdf,"The email describes personalized investment advice, exclusive trading strategies, higher profit potential, and a dedicated support team as benefits for members.",False,False,WRONG,WRONG,WRONG
case_066,"What is the minimum amount of funds required to start investing, according to Chukwuemeka’s message?","$5,000","The minimum amount is $5,000.",False,False,EXACT,EXACT,EXACT
case_066,What bank details were provided for the withdrawal processing?,Bank Name: Horizon Bank; Account Name: Global Investments LTD; Account Number: 2345678901; SWIFT Code: HORIBANK,"The beneficiary party's bank name is Horizon Bank, and their Swift Code is HORIBANK.",False,False,PARTIAL,PARTIAL,PARTIAL
case_066,What specific reason is given in the first Suspicious Activity Report (SAR) for the suspicion of investment fraud?,Funds transferred to an overseas entity with limited public information. Recipient matches a known entity associated with fraudulent investment schemes.,"The suspicion of investment fraud is due to funds being transferred to an overseas entity with limited public information, and the recipient matching a known entity associated with fraudulent investment schemes.",False,False,EXACT,EXACT,EXACT
case_066,"Based on the bank statement, what was the total amount transferred to Global Investments LTD?","$10,500",The total amount transferred to Global Investments LTD was $17500.,False,False,WRONG,WRONG,WRONG
case_066,What does promotional material 2 offer to VIP members?,"Personalized investment advice from expert advisors, access to exclusive trading strategies, higher profit potential, and a dedicated support team.","VIP members will receive personalized investment advice from expert advisors, access to exclusive trading strategies, a dedicated support team, and the opportunity for higher profit potential.",False,False,EXACT,EXACT,EXACT
case_066,What is highlighted as a key appeal factor on the website’s homepage?,"Exclusivity, sophistication, and effortless wealth generation.","The website aims to convey exclusivity, sophistication, and effortless wealth generation. It also uses AI terminology to suggest technological superiority and advanced performance.",False,False,PARTIAL,PARTIAL,PARTIAL
case_066,"According to the second SAR, what additional information contributes to the suspicion of fraud?",Reports from a concerned individual indicate potential scam.,Reports from a concerned individual indicate potential scam.,True,True,EXACT,EXACT,EXACT
case_066,"According to the promotional material, what is being offered to new investors for a limited time?",Double their initial investment,New investors can double their initial investment with an exclusive bonus program for a limited time.,False,False,EXACT,EXACT,EXACT
case_067,What initial incentive did Global Forex Solutions offer to attract potential clients like Klaus Heinz?,Expert guidance and proven strategies to increase income and achieve financial goals.,"Global Forex Solutions initially offered the opportunity to participate in the world of Forex trading, along with expert guidance and proven strategies, to attract potential clients.",False,False,PARTIAL,PARTIAL,PARTIAL
case_067,"According to email_2.txt, what specific information did Klaus Heinz request from Global Forex Solutions?",More details and examples of successful trades related to their VIP program.,Klaus Heinz requested more details and examples of successful trades regarding the VIP program.,False,False,EXACT,EXACT,EXACT
case_067,"What type of suspicious activity was initially reported in SAR_1.xml, and what financial behavior was observed?",Unusual Transaction involving large cash deposits followed by rapid transfers to overseas accounts.,The initial report detailed an unusual transaction involving large cash deposits followed by rapid transfers to accounts located abroad.,False,False,PARTIAL,PARTIAL,PARTIAL
case_067,"What currency was used for the initial deposit made by Klaus Heinz, as recorded in the bank statement?",EUR,The initial deposit made by Klaus Heinz was recorded in EUR.,False,False,EXACT,EXACT,EXACT
case_067,What triggered the creation of SAR_2.xml?,Customer reporting difficulties in withdrawing funds from their account.,A customer was reporting difficulties in withdrawing funds from their account.,False,True,EXACT,EXACT,EXACT
case_067,Which country is listed as the location of Global Forex Solutions in the SAR reports?,Nigeria,Global Forex Solutions is located in Nigeria.,False,False,EXACT,EXACT,EXACT
case_067,"Based on promotional_material_2.txt, what is the central theme or promise that Global Forex Solutions is advertising?",Financial Freedom - earning passive income while you sleep.,Global Forex Solutions is advertising the possibility of earning passive income.,False,False,PARTIAL,PARTIAL,PARTIAL
case_067,"What additional verification method, involving cryptocurrency, was requested from Klaus Heinz in email_3.txt?",Transfer of 0.5 BTC to the wallet address: 1BKzJq432WkGzS9q1Q23P6Y738497k77A.,The sender requests a transfer of 0.5 BTC to a specific wallet address as verification.,False,False,PARTIAL,PARTIAL,PARTIAL
case_067,"According to SAR_3.xml, which region was involved in the suspicious funds transfer?",United Arab Emirates,The United Arab Emirates was involved in the suspicious funds transfer.,False,False,EXACT,EXACT,EXACT
case_067,What is the primary marketing focus highlighted in promotional_material_3.txt?,Limited spots available in an exclusive Forex VIP program.,"The marketing focus is on an exclusive Forex VIP program with limited spots available, promising secrets to Forex trading success and incredible returns.",False,False,PARTIAL,PARTIAL,PARTIAL
case_068,What initial impression did Alistair Huber aim to create with his email to Marc Schneider?,He aimed to create an impression of being a Senior AI Strategist at a rapidly growing firm specializing in automated trading.,Alistair Huber aimed to convey that he was impressed by Marc Schneider's experience in finance. He introduced himself as a Senior AI Strategist at NovaTech Solutions and highlighted the firm's specialization in automated trading strategies utilizing artificial intelligence.,False,False,PARTIAL,PARTIAL,PARTIAL
case_068,"According to promotional material, what is a key advantage of NovaTech Solutions' AI-powered platform?",Consistently outperform traditional investment methods.,The platform uses advanced algorithms to identify market opportunities that are not seen by others.,False,False,PARTIAL,PARTIAL,PARTIAL
case_068,What specific document did NovaTech Solutions request from Marc Schneider when he attempted to withdraw funds?,A copy of his passport and a recent utility bill.,NovaTech Solutions requested a copy of Marc Schneider's passport and a recent utility bill.,False,False,EXACT,EXACT,EXACT
case_068,What action did Deutsche Bank take regarding Marc Schneider’s withdrawal attempt?,The withdrawal attempt was rejected.,The withdrawal request was blocked due to a potential issue with account access or funds.,False,False,PARTIAL,PARTIAL,PARTIAL
case_068,What reason did Deutsche Bank initially provide for flagging the transaction involving Marc Schneider?,Large transfer to an offshore company with limited online presence.,The transaction was flagged due to a client reporting difficulties in withdrawing funds after recent deposits.,False,False,WRONG,WRONG,WRONG
case_068,What is the IBAN associated with the transfers to NovaTech Solutions?,CY8800200001000000000012345,The transfers to NovaTech Solutions are associated with the IBAN CY8800200001000000000012345.,False,False,EXACT,EXACT,EXACT
case_068,What did the screenshot of NovaTechSolutions.com highlight regarding the firm's technology?,AI-Powered Investing,The website emphasizes that the firm utilizes AI-powered technology.,False,False,PARTIAL,PARTIAL,PARTIAL
case_068,What additional evidence would support the claim that Marc Schneider's initial interaction with Alistair Huber may be fraudulent?,"The request for passport and utility bill copies, coupled with difficulties withdrawing funds.","The client reported an inability to withdraw funds and suspects fraudulent activity. Furthermore, an email from Alistair Huber at NovaTech Solutions was sent to Marc Schneider, expressing interest in his financial expertise and suggesting potential opportunities.",False,False,PARTIAL,PARTIAL,PARTIAL
case_068,"According to SAR-20231110-002, what was the main reason for the blocked withdrawal request?",Client reported difficulties in withdrawing funds after recent deposits.,The blocked withdrawal request was due to a potential issue with account access or funds.,False,False,PARTIAL,PARTIAL,PARTIAL
case_068,"What was the total value of funds transferred to NovaTech Solutions by Marc Schneider, as reflected in the provided bank statement?",30000.00,"The bank statement indicates a transfer of 10,000 EUR to NovaTech Solutions.",False,False,WRONG,WRONG,WRONG
case_069,"What was the initial investment amount deposited by David Miller on November 10th, according to the SAR report?",50000 AUD,The transaction involved an amount of 50000 Australian dollars.,False,False,PARTIAL,PARTIAL,PARTIAL
case_069,What type of incentive was offered to new members through a promotional material?,Double your investment with our exclusive AI Boost package,New members were offered the chance to double their investment with an exclusive AI Boost package.,False,False,EXACT,EXACT,EXACT
case_069,What initial action did the AI Trading Pro team ask David Miller to perform after welcoming him?,Please withdraw it [the initial profit] to confirm everything is working.,They asked him to withdraw a small initial profit that was credited to his account as a welcome bonus to confirm everything was working.,False,False,PARTIAL,PARTIAL,PARTIAL
case_069,"According to the screenshot, what was the approximate balance displayed on David Miller’s AI Trading Pro dashboard?",55000 AUD,"The approximate balance displayed was $55,000 AUD.",False,False,EXACT,EXACT,EXACT
case_069,What did the email from Agent_001 request from David Miller regarding security verification?,A copy of his passport,The email requests that David Miller verify his identity by providing a copy of his passport to ensure the security of his funds.,False,False,PARTIAL,PARTIAL,PARTIAL
case_069,What was the amount requested by 'AI Trading Pro Team' to resolve technical issues with David’s withdrawal?,1000 AUD,The team requested a copy of David's passport to resolve the issue.,False,False,WRONG,WRONG,WRONG
case_069,Which Nigerian bank was mentioned as the recipient account in the email regarding the technical difficulties?,Zenith Bank Nigeria,Zenith Bank Nigeria is the recipient account's bank.,False,False,PARTIAL,PARTIAL,PARTIAL
case_069,"Based on the SAR reports, what finding linked the initial profit withdrawal to a potentially deceptive scheme?","Initial profit withdrawal shortly after account creation, potentially indicative of a 'honeypot' scheme.",The initial profit withdrawal was linked to a 'honeypot' scheme.,False,False,PARTIAL,PARTIAL,PARTIAL
case_069,What is the subject of the email containing a request for identity verification?,Important Update Regarding Your AI Trading Pro Account,"The subject of the email is ""Important Update Regarding Your AI Trading Pro Account"".",False,False,EXACT,EXACT,EXACT
case_069,"What is the purpose of the automated trading system, according to the promotional material?","To generate consistent profits, even while you sleep!","The automated trading system generates consistent profits, even while users sleep, by analyzing market trends and identifying lucrative opportunities.",False,False,PARTIAL,PARTIAL,PARTIAL
case_070,"What was the initial investment amount Markus Bauer made in the RareApe project, and in what cryptocurrency?",€5000 in ETH.,"The provided information does not specify the initial investment amount Markus Bauer made, nor does it mention the cryptocurrency used.",False,False,WRONG,WRONG,WRONG
case_070,"According to the promotional materials, what is the primary benefit of investing in RareApe NFTs?",Exclusive access and the potential for exponential growth.,Investing in RareApe NFTs presents opportunities for exponential growth and access to exclusive benefits.,False,False,PARTIAL,PARTIAL,PARTIAL
case_070,"Based on the Telegram chat log, what did 'CryptoKing_77' suggest was the key to maximizing returns in the RareApe project?","Making a second investment of €10,000.","To capitalize on a booming market, a second investment of €10,000 was suggested.",False,False,PARTIAL,PARTIAL,PARTIAL
case_070,What reason did 'CryptoKing_77' provide to Markus Bauer when he inquired about the status of his NFTs after a period of time?,There's been a temporary technical glitch.,CryptoKing_77 stated that there had been a temporary technical glitch and that their team was working to resolve it.,False,False,PARTIAL,PARTIAL,PARTIAL
case_070,"According to SAR_3.xml, what new status was associated with this case on February 5th, 2024?",Linked to a potential investment fraud scheme. The victim has filed a complaint with local authorities.,"The report date was February 5th, 2024, and it indicates a cryptocurrency transfer linked to a potential investment fraud scheme. A victim has filed a complaint with local authorities.",False,False,PARTIAL,PARTIAL,PARTIAL
case_070,What specific detail about the destination account (ReceiverAccount) is repeatedly highlighted as a SuspiciousFactor in the SAR reports?,It's associated with potential fraudulent activity.,The destination account is associated with potential fraudulent activity.,False,True,EXACT,EXACT,EXACT
case_070,"Based on the email from Markus Bauer to CryptoKing_77, what action was Markus considering due to the unresolved NFT access issue?",Legal action.,Markus was considering legal action if the matter wasn't addressed promptly.,False,False,PARTIAL,PARTIAL,PARTIAL
case_070,"Besides ETH transfers, what other types of transactions appear on Markus Bauer's bank statements?",Credit card payments and a salary.,Cryptocurrency transfers are present on Markus Bauer's bank statements.,False,False,WRONG,WRONG,WRONG
case_070,"Considering the website screenshot description and the promotional materials, what is the intended perception of RareApe for potential investors?","Exclusive, innovative, and poised for significant value increase – targeting elite investors seeking a future-oriented investment.","RareApe is portrayed as an exclusive opportunity with substantial growth potential, offering access to unique benefits and investment possibilities. It is presented as a limited-quantity offering for a select group of individuals.",False,False,PARTIAL,PARTIAL,PARTIAL
case_070,"What are the two TransactionDates listed in the SAR reports, and what are their respective amounts?","2023-11-12, €5000; 2023-12-16, €10000.","The listed transaction dates are 2023-12-16 and 2023-11-12. The amounts associated with these dates are 10000 EUR and 5000 EUR, respectively.",False,False,PARTIAL,PARTIAL,PARTIAL
case_071,"According to the promotional material, what is a key feature of Quantum AI Investments?",Automated Trading – No experience needed!,A key feature is the use of artificial intelligence to generate returns.,False,False,PARTIAL,PARTIAL,PARTIAL
case_071,What was the description given for the cryptocurrency purchase transaction in the SAR report from November 2023?,Cryptocurrency Purchase,The transaction description was Cryptocurrency Purchase.,False,False,EXACT,EXACT,EXACT
case_071,What was the amount of the cryptocurrency purchase in the SAR report from December 2023?,10000.00,The cryptocurrency purchase in the SAR report from December 2023 was ten thousand CAD.,False,False,WRONG,WRONG,WRONG
case_071,What did Alex tell David about the AI's functionality?,"It's proprietary, David. We can't disclose all the details, but trust me, it's top-of-the-line.","Alex mentioned the AI is proprietary and that they couldn't disclose all the details, but assured David it was top-of-the-line.",False,False,PARTIAL,PARTIAL,PARTIAL
case_071,"Based on the Telegram chatlog, what excuse did Alex provide for the delay in processing David's withdrawal request?",There appears to be a temporary security issue. We're working on it.,Alex stated there was a temporary security issue and an unusual activity on David's account.,False,False,PARTIAL,PARTIAL,PARTIAL
case_071,"According to the screenshot of the trading platform, what is the 'Current Portfolio Value' displayed?","$35,780.00","The 'Current Portfolio Value' is $35,780.00.",False,False,EXACT,EXACT,EXACT
case_071,What type of activity was flagged as suspicious in the SAR report from February 2024?,Withdrawal request denied due to account restrictions.,A withdrawal request was denied due to account restrictions.,False,True,EXACT,EXACT,EXACT
case_071,What was the approximate range of time between the initial welcome email and the first mention of significant gains in the Telegram chatlog?,Approximately one month,"The initial welcome occurred on October 26, 2023, and the first mention of significant gains was on November 15, 2023. That is a range of approximately one month.",False,False,EXACT,EXACT,EXACT
case_071,"Based on the provided information, what actions did David take leading up to the withdrawal request?","David funded his account, made cryptocurrency purchases, and added more funds.","David requested a withdrawal of $5,000 CAD to his bank account via email. A withdrawal request was subsequently made.",False,False,WRONG,WRONG,WRONG
case_071,What entities are mentioned in the promotional material and the screenshot of the trading platform?,Quantum AI Investments,The promotional material and the screenshot of the trading platform mention Quantum AI Investments.,False,False,EXACT,EXACT,EXACT
case_072,"What is the primary function of AI Trading Solutions, according to its promotional materials?",To use proprietary artificial intelligence to identify and capitalize on trading opportunities 24/7.,AI Trading Solutions uses artificial intelligence to identify and capitalize on trading opportunities.,False,True,PARTIAL,PARTIAL,PARTIAL
case_072,"According to the initial welcome email, what does AI Trading Solutions claim to do?","Analyze market trends and execute trades with unparalleled precision, generating substantial returns for investors.","AI Trading Solutions claims its algorithms analyze market trends and execute trades with unparalleled precision, generating substantial returns for investors.",False,True,EXACT,EXACT,EXACT
case_072,What is the minimum investment amount required to start using AI Trading Solutions?,EUR 500,The minimum investment is EUR 500.,False,False,EXACT,EXACT,EXACT
case_072,"Based on the SAR reports, in which country is the recipient account for the funds transferred to AI Trading Solutions located?",Seychelles,The recipient account for the funds transferred to AI Trading Solutions is located in Seychelles.,False,False,EXACT,EXACT,EXACT
case_072,"What is the total amount Klaus Hartmann transferred to AI Trading Solutions, according to the bank statements?",EUR 15000,"The email exchange does not mention any amount transferred by Klaus Hartmann to AI Trading Solutions. It only indicates a request to withdraw EUR 5,000 from his account.",False,False,WRONG,WRONG,WRONG
case_072,What reason is provided in the promotional material for individuals to use AI Trading Solutions?,To stop trading and start investing.,"Individuals are encouraged to use AI Trading Solutions to stop trading and start investing, and to potentially see their investments growing effortlessly.",False,False,PARTIAL,PARTIAL,PARTIAL
case_072,What specific risk mitigation tools are highlighted in the promotional material for AI Trading Solutions?,Sophisticated risk management tools to protect your capital.,The promotional material mentions predictive analytics and risk management as features of their AI-powered platform.,False,False,PARTIAL,PARTIAL,PARTIAL
case_072,"According to the telegram chat log, what reason did AI Trading Solutions initially provide for the failed withdrawal?",There's a temporary technical issue.,A temporary technical issue was indicated as the cause for the withdrawal failure.,False,False,EXACT,EXACT,EXACT
case_072,Which entities are involved in the transactions described in the SAR reports?,"Klaus Hartmann, AI Trading Solutions, Deutsche Bank.","Klaus Hartmann, AI Trading Solutions, Deutsche Bank, and Seychelles are involved in the transactions.",False,False,PARTIAL,PARTIAL,PARTIAL
case_072,What is the disclaimer that appears in the welcome email and promotional material?,Past performance is not indicative of future results.,"I am sorry, but the provided information does not contain any details regarding a disclaimer in a welcome email or promotional material.",False,False,WRONG,WRONG,WRONG
case_073,"What initial message did the TraderAI_Bot send to Mark Peterson, and what did it offer?","The TraderAI_Bot greeted Mark Peterson and offered to leverage artificial intelligence to maximize returns, inviting him to join an exclusive community and providing a link for a demo.","The TraderAI_Bot greeted Mark Peterson and invited him to learn more about their platform, which uses artificial intelligence to maximize returns. It also presented a limited-time opportunity to join an exclusive community and provided a link for a demo.",False,False,PARTIAL,PARTIAL,PARTIAL
case_073,"According to the SAR report (SAR-20230805-001), what type of suspicious activity was reported regarding Mark Peterson?",Multiple cryptocurrency transactions to offshore accounts potentially linked to investment fraud.,"The SAR report (SAR-20230820-002) indicates unusual activity, specifically further cryptocurrency transactions to offshore accounts, consistent with potential investment fraud.",False,False,PARTIAL,PARTIAL,PARTIAL
case_073,"What amounts were transacted to Belizean Investments Ltd. and St. Vincent Trading Group, according to the SAR-20230805-001?","Belizean Investments Ltd. received $10,000 USD, and St. Vincent Trading Group received $5,000 USD.","The amounts transacted to Belizean Investments Ltd. were $10,000 and $3,000. The amount transacted to St. Vincent Trading Group was $5,000.",False,False,PARTIAL,PARTIAL,PARTIAL
case_073,"What benefit was promised to Mark Peterson in the promotional email, aside from the platform itself?",A FREE demo and personalized onboarding session.,Mark is promised a 50% increase in AI-powered trading profits for the next 7 days.,False,False,WRONG,WRONG,WRONG
case_073,What action was Mark Peterson expected to take in response to Nikola's email (email_2.txt) to secure a place in a limited opportunity?,Reply with 'CONFIRM'.,"To secure a place, Mark Peterson was expected to reply to the email with 'CONFIRM'.",False,False,EXACT,EXACT,EXACT
case_073,"According to SAR-20230820-002, which entity received a transaction and what was the amount?",Belizean Investments Ltd. received a transaction of $3000 USD.,Belizean Investments Ltd. received a transaction for an amount of 3000 USD.,False,True,PARTIAL,PARTIAL,PARTIAL
case_073,What does the screenshot of the trading platform (screenshot_trading_platform.txt) show regarding potential profits?,A pop-up window displays a message: 'Daily Profit +12.5%'.,The screenshot depicts a message indicating a daily profit increase of 12.5%.,False,False,EXACT,EXACT,EXACT
case_073,Which entities are mentioned in promotional email_1.txt but not explicitly present in the SAR-20230805-001?,TraderAI Team,"This query cannot be answered because the provided context does not contain a file named ""promotional email_1.txt"". The provided information only includes two SAR files, SAR-20230805-001 and SAR-20230820-002.",False,False,WRONG,WRONG,WRONG
case_073,"Based on SAR-20230815-003, what action did Mark Peterson take after repeated deposits?",Large cryptocurrency withdrawals.,Large cryptocurrency withdrawals occurred after repeated deposits.,False,False,EXACT,EXACT,EXACT
case_073,What was the stated reason for requiring verification from Nikola in email_3.txt?,To ensure the security of funds due to unusual activity detected on Mark Peterson’s account.,"Unusual activity was detected on the recipient's account, necessitating identity verification to secure their funds.",False,False,PARTIAL,PARTIAL,PARTIAL
case_074,What was the initial amount of the first investment made by David Miller?,5000.00,The initial investment was CAD 5000.00.,False,False,PARTIAL,PARTIAL,PARTIAL
case_074,"According to the promotional material, what is one benefit of using AI Trading Solutions' system?",Automated Trading,The system provides unprecedented accuracy.,False,False,WRONG,WRONG,WRONG
case_074,What country is listed as the location of the receiver entity in the SAR reports?,Cyprus,The receiver entity is located in Cyprus.,False,False,EXACT,EXACT,EXACT
case_074,Which suspicious activity was initially flagged in SAR-20230905?,Potential Investment Fraud - Unsolicited Contact,The initial suspicious activity flagged was Potential Investment Fraud - Unsolicited Contact.,False,False,EXACT,EXACT,EXACT
case_074,What action did David Miller take after receiving the initial email from AI Trading Solutions?,He expressed interest in learning more.,The email stated that David Miller was offered a unique opportunity to participate in an AI-powered trading program. He was invited to click a link to learn more and secure his spot.,False,False,PARTIAL,PARTIAL,PARTIAL
case_074,"Based on the provided bank statement, what happened to the account balance after the initial investment of 5000.00?",The balance was 5500.00,"Following the initial investment of 5000.00, the balance was 5500.00. Subsequently, there was a withdrawal of 100.00, bringing the balance down to 5410.00. Another investment of 10000.00 then reduced the balance to -4590.00.",False,False,PARTIAL,PARTIAL,PARTIAL
case_074,What is the primary purpose of the email sent from AI Trading Solutions after the account reached a new milestone?,To encourage David Miller to deposit more funds.,The email encourages the recipient to deposit additional funds into their account to further increase their profits.,False,False,PARTIAL,PARTIAL,PARTIAL
case_074,What reason did David Miller give for contacting AI Trading Solutions in email_4?,Withdrawal Issue,David Miller expressed interest in learning more about the opportunity.,False,False,WRONG,WRONG,WRONG
case_074,"According to promotional material_2, what is one of the claims made about AI trading’s ability to reduce financial risk?",AI eliminates emotional decision-making,AI eliminates emotional decision-making.,True,True,EXACT,EXACT,EXACT
case_074,"Considering the transactions listed in the SAR reports, what is the total amount transferred to Global Investments Ltd. by David Miller?",20000.00,David Miller transferred a total of 20000.00 CAD to Global Investments Ltd.,False,False,PARTIAL,PARTIAL,PARTIAL
case_075,What was the initial investment amount made by Hans Schmidt?,"€5,000","The initial investment amount made by Hans Schmidt was €5,000.",False,False,EXACT,EXACT,EXACT
case_075,"According to the promotional text, what is one benefit of using Innovative AI Investments?",✅ Automated Trading,One advantage of using Innovative AI Investments is automated trading.,False,False,EXACT,EXACT,EXACT
case_075,What reason did Innovative AI Investments provide for the temporary unavailability of withdrawals?,Due to unforeseen circumstances and ongoing system upgrades.,Withdrawals are temporarily unavailable due to unforeseen circumstances and ongoing system upgrades.,False,False,EXACT,EXACT,EXACT
case_075,What was the date of the SAR report filed due to the customer's complaint about potential investment fraud?,2024-03-01,The SAR report regarding the customer's complaint about potential investment fraud was filed on 2024-03-01.,False,False,EXACT,EXACT,EXACT
case_075,What was the total amount of the attempted withdrawal by Hans Schmidt on 2024-01-05?,"€3,000","The attempted withdrawal was €3,000.",False,False,EXACT,EXACT,EXACT
case_075,"Besides the initial deposit, what other transaction amounts appear on Hans Schmidt’s bank statement?","€10.00 (Service Fee), €2.50 (Interest), €2000.00 (Innovative AI Investments Deposit)","There is another transaction of €8,000.00 on January 5, 2024.",False,False,WRONG,WRONG,WRONG
case_075,Which institution filed the Suspicious Activity Reports (SARs) related to Hans Schmidt's activity?,Deutsche Bank,Deutsche Bank filed the Suspicious Activity Reports.,False,False,EXACT,EXACT,EXACT
case_075,What did the website screenshot describe about the testimonials displayed on the Innovative AI Investments website?,likely fabricated,"The website displays a rotating carousel of testimonials from customers, which are likely fabricated.",False,False,PARTIAL,PARTIAL,PARTIAL
case_075,"According to email_2.txt, what did Hans Schmidt inquire about from Innovative AI Investments?",More detail on the AI's current strategy.,"I am sorry, but there is no email_2.txt provided. Therefore, I cannot answer your query.",False,False,WRONG,WRONG,WRONG
case_075,"Based on the available data, what evidence suggests a possible fraudulent activity?","Initial investment from an unknown wallet, denial of withdrawal requests, a customer complaint alleging investment fraud, and a website with potentially fabricated testimonials.","A customer reported unauthorized investment activity and denial of withdrawal requests, suspecting investment fraud. An initial investment was made through an unknown wallet.",False,False,PARTIAL,PARTIAL,PARTIAL
case_076,What was the initial investment amount made by Andreas Schmidt?,"€8,000","Andreas Schmidt's initial investment was €8,000.",False,False,EXACT,EXACT,EXACT
case_076,"According to the SAR, what was the primary reason for suspicion regarding the initial transaction?",Potential Investment Fraud - Unsolicited Contact,The customer reported receiving unsolicited communication regarding AI trading opportunities and a large sum was transferred to a UK account.,False,False,PARTIAL,PARTIAL,PARTIAL
case_076,What date did Andreas Schmidt first attempt to withdraw his funds?,"November 18, 2023","According to the information, Andreas Schmidt reported paying a verification fee to withdraw funds on November 21, 2023.",False,False,WRONG,WRONG,WRONG
case_076,What was the stated purpose of the €300 transaction originating from Andreas Schmidt's account?,Verification Fee,The purpose was investment.,False,False,WRONG,WRONG,WRONG
case_076,"Based on the website description, what design elements are commonly used on the AI Trade Solutions website?","A sleek, modern design with a predominantly blue and white color scheme, stock images of smiling individuals, and a dynamically updating graph.","The website utilizes a modern design with a blue and white color scheme. It incorporates testimonials accompanied by stock images of people smiling, and a graph meant to showcase returns. A 'Live Chat' button connects users to a chatbot.",False,False,PARTIAL,PARTIAL,PARTIAL
case_076,What excuse did Daniel Okoro give for the delay in Andreas Schmidt's withdrawal request in email_3?,Unexpected system maintenance,The delay in the withdrawal request is attributed to unexpected system maintenance.,False,False,EXACT,EXACT,EXACT
case_076,What activity triggered the NWBK Fraud Department to send an email to Andreas Schmidt?,Unusual activity on his account,"Unusual activity was detected on Andreas Schmidt's account, which prevented the processing of a withdrawal request.",False,False,PARTIAL,PARTIAL,PARTIAL
case_076,What type of communication did Andreas Schmidt initially receive regarding AI Trade Solutions?,Unsolicited communication,Andreas Schmidt initially received a communication confirming his investment and expressing excitement about earning returns with the AI trading system.,False,False,WRONG,WRONG,WRONG
case_076,"Besides Andreas Schmidt, which other entities are present in both SAR-20231123-001 and SAR-20231124-002?",AI Trade Solutions,AI Trade Solutions and the account GB22NWBK000000000012345678 are present in both SARs.,False,False,PARTIAL,PARTIAL,PARTIAL
case_076,"According to promotional_material_1, what is the claim made about the AI trading system?",It generates consistent profits with zero risk.,The AI trading system generates consistent profits with zero risk.,False,True,EXACT,EXACT,EXACT
case_077,"What was the initial investment amount made by Robert MacIntyre to Innovative AIX, according to the SAR report?",5000.00 CAD,The initial investment amount was 5000.00 CAD.,False,False,EXACT,EXACT,EXACT
case_077,What subject line did Dimitri Volkov use when initially contacting Robert MacIntyre?,Innovative AIX - Connecting with a Fellow Professional,"The subject line used was ""Innovative AIX - Connecting with a Fellow Professional"".",False,True,EXACT,EXACT,EXACT
case_077,"According to promotional material, what is a key feature of the Innovative AIX platform?",Automated Trading,The platform utilizes AI algorithms to identify patterns and opportunities that human analysts may overlook.,False,False,PARTIAL,PARTIAL,PARTIAL
case_077,What reason did Dimitri Volkov provide for the delay in processing Robert MacIntyre's withdrawal request?,Increased market volatility and a commitment to protecting investments,Dimitri Volkov stated that the delay is due to increased market volatility and a commitment to protecting investments.,False,False,EXACT,EXACT,EXACT
case_077,What is the IBAN associated with the beneficiary account for the transactions involving Innovative AIX?,BG12BNB37110123456789,The beneficiary account for the transactions involving Innovative AIX has an IBAN of BG12BNB37110123456789.,False,False,PARTIAL,PARTIAL,PARTIAL
case_077,"Based on the SAR reports, what is a concerning trend indicated by the escalating investment amounts?","Increased investment amounts following initial interaction, combined with the victim's concerns regarding withdrawal denial.","The reports show an increasing trend in investment amounts, starting with 5000.00 and later reaching 2000.00. Additionally, the victim voiced concerns regarding the denial of withdrawals.",False,False,PARTIAL,PARTIAL,PARTIAL
case_077,What date did Robert MacIntyre and Dimitri Volkov tentatively schedule a call?,Tuesday,Tuesday at 2:00 PM EST was the tentative time for their call.,False,False,PARTIAL,PARTIAL,PARTIAL
case_077,What does the promotional material claim about the ROI (Return on Investment) experienced with Innovative AIX?,Experience returns far exceeding traditional investment methods.,The promotional material states that users can experience returns that are far greater than those achieved through traditional investment methods.,False,False,EXACT,EXACT,EXACT
case_077,What is the assessment level assigned to the suspicious activity regarding the victim's attempt to withdraw funds?,High,The assessment level is High.,False,False,EXACT,EXACT,EXACT
case_077,What is the monthly income of the subject?,10000.00 CAD,The monthly income of the subject is 10000.00 CAD.,False,False,PARTIAL,PARTIAL,PARTIAL
case_078,What was the initial bonus offered to Karl Heinrich by Innovative Investments?,A 20% return on his first deposit.,Karl Heinrich was offered a 20% return on his first deposit as a new member.,False,False,EXACT,EXACT,EXACT
case_078,"According to the initial email, what was the minimum deposit required to claim the bonus?","€2,000 or more.","A deposit of €2,000 or more is required to claim the bonus.",False,False,EXACT,EXACT,EXACT
case_078,What was the purpose code for the transaction where Karl Heinrich transferred funds to Innovative Investments?,1000,The purpose code for the transaction was 1000.,False,False,EXACT,EXACT,EXACT
case_078,"Based on the SAR reports, what are the main concerns regarding Innovative Investments?","Unusual transaction amounts and recipient, denial of withdrawal requests, and a general recommendation for further investigation.","The reports indicate concerns about Innovative Investments Ltd. regarding unusual transaction amounts and recipient activity, and a denied withdrawal request.",False,False,PARTIAL,PARTIAL,PARTIAL
case_078,"What was the total amount Karl Heinrich deposited initially, as indicated in email_2.txt?","€2,500","Karl Heinrich deposited €2,500.",False,False,EXACT,EXACT,EXACT
case_078,"According to the telegram chatlog, when did David claim Karl's bonus was credited to his account?",2023-09-01 11:12:00 UTC,David stated that Karl's bonus of €500 was credited to his account on September 1st.,False,False,PARTIAL,PARTIAL,PARTIAL
case_078,What does the promotional material highlight as a key advantage of the 'Athena' trading platform?,"Automated trading, 24/7 performance, and risk management.",The promotional material emphasizes that the platform utilizes AI to handle trading automatically and operates continuously to take advantage of market opportunities.,False,False,PARTIAL,PARTIAL,PARTIAL
case_078,What action did Innovative Investments advise Karl to take in the suspicious email received from support@email.de?,Verify his identity by clicking on a link (to a phishing site).,The email instructed Karl to verify his identity by clicking on a link.,False,False,PARTIAL,PARTIAL,PARTIAL
case_078,What specific currencies are listed in the screenshot of the Athena platform?,"BTC, ETH, LTC","The screenshot of the Athena platform shows BTC, ETH, and LTC listed as assets.",False,False,EXACT,EXACT,EXACT
case_078,What was the date of the second SAR related to Karl Heinrich’s case?,2023-11-12,The second SAR was reported on 2023-11-15.,False,False,WRONG,WRONG,WRONG
case_079,What is the stated purpose of the initial transaction of €2500.00 made by Hans Meier?,Initial investment to AI Trading Platform,The initial transaction of €2500.00 was described as an initial investment to an AI Trading Platform.,False,False,PARTIAL,PARTIAL,PARTIAL
case_079,"According to the email from AI Trading Pro, what benefit is offered to new sign-ups?",A free consultation with one of our financial advisors,A free consultation with a financial advisor is offered to those who sign up now.,False,False,PARTIAL,PARTIAL,PARTIAL
case_079,What suspicious indicator related to the transaction to SecurePay Solutions was noted in the SAR reports?,Unusual transfer destination (Nigeria),"The reports noted multiple unusual transactions to a foreign bank, a lack of transparency regarding platform operations, an unusual transfer destination, and a large initial investment by a potentially vulnerable individual.",False,False,PARTIAL,PARTIAL,PARTIAL
case_079,What amount was initially deposited into Hans Meier's account via AI Trading Pro?,2500.00 EUR,"The provided information does not specify the initial deposit amount. It details the current account balance, monthly profit, and asset holdings.",False,False,WRONG,WRONG,WRONG
case_079,"Based on the screenshot of the AI Trading Pro dashboard, what digital assets does Hans Meier appear to own?","BTC: 0.523 BTC, EUR: 1,480.00",The dashboard indicates ownership of BTC and EUR.,False,False,PARTIAL,PARTIAL,PARTIAL
case_079,What action was taken regarding the attempted withdrawal of 3500.00 EUR?,Attempted withdrawal denied by platform,The attempted withdrawal of 3500.00 EUR was denied by the platform.,False,False,EXACT,EXACT,EXACT
case_079,Which testimonial praises the accuracy of the AI trading platform?,"Klaus Weber, Hamburg","Klaus Weber, from Hamburg, highlights the AI's incredible accuracy.",False,False,PARTIAL,PARTIAL,PARTIAL
case_079,What is the subject of the email sent from SecurePay Solutions to Hans Meier?,SecurePay Account Verification,The subject of the email is SecurePay Account Verification.,False,False,EXACT,EXACT,EXACT
case_079,What is the reported account balance and profit for the month mentioned in the AI Trading Pro account update email?,"Account Balance: €7,850.00, Profit this Month: €2,350.00","The account balance is €7,850.00 and the profit for the month is €2,350.00.",False,False,EXACT,EXACT,EXACT
case_079,"Besides the initial deposit, what other amounts did Hans Meier deposit to AI Trading Pro?",1500.00 EUR,The provided information does not specify any deposits made by Hans Meier besides the initial deposit.,False,False,WRONG,WRONG,WRONG
case_080,"According to the initial email, what is the name of the AI platform developed by AI-Trade Solutions?",Athena,"The AI trading platform developed by AI-Trade Solutions is called ""Athena.""",False,False,EXACT,EXACT,EXACT
case_080,"Based on the portfolio update email, what was Richard Henderson's account balance on 2023-05-10?","$5,750.00","Richard Henderson's account balance was $5,750.00 on 2023-05-10.",False,False,EXACT,EXACT,EXACT
case_080,What country is listed as the recipient country for the transactions detailed in the SAR reports?,Belize,Belize is listed as the recipient country for the transactions detailed in the SAR reports.,False,False,EXACT,EXACT,EXACT
case_080,Which promotional material highlights the benefit of '24/7 monitoring'?,AI-Trade Solutions: Your Gateway to Automated Wealth,"The promotional material states that the AI operates continuously, ensuring no opportunity is missed.",False,False,PARTIAL,PARTIAL,PARTIAL
case_080,"Based on the screenshot description, what metric indicates the AI’s confidence level?",AI Confidence: 98%,The AI’s confidence level is indicated by a metric labeled 'AI Confidence: 98%'.,False,False,PARTIAL,PARTIAL,PARTIAL
case_080,What is the purpose of the email Richard Henderson sent to support@ai-trade-solutions.com?,"To request a withdrawal of $5,000.00",The email was not sent by Richard Henderson to support@ai-trade-solutions.com. It was sent from support@ai-trade-solutions.com to Richard Henderson.,False,False,WRONG,WRONG,WRONG
case_080,Which reporting officer filed the suspicious activity reports?,Jane Doe,Jane Doe filed the suspicious activity reports.,False,False,PARTIAL,PARTIAL,PARTIAL
case_080,"Considering all files, what is the total amount Richard Henderson transferred to AI-Trade Solutions?","$15,000.00","The initial investment grew to $5,750.00. Richard Henderson wants to withdraw $5,000.00.",False,False,WRONG,WRONG,WRONG
case_080,"Based on the SAR reports, what initially triggered the suspicious activity reports related to Richard Henderson's transactions?","Unusual Investment – High-yield promise, limited information about company; Continued investment despite limited information","The suspicious activity reports were initially triggered by an unusual investment with a high-yield promise and limited information about the company, and by an attempted withdrawal of funds being delayed, with the company being unresponsive to inquiries.",False,False,PARTIAL,PARTIAL,PARTIAL
case_080,What is the purpose of the 'Disclaimer' mentioned in promotional material 2?,To state that past performance is not indicative of future results.,"I am sorry, but the provided text does not contain any information about ""promotional material 2"" or a ""Disclaimer.""",False,False,WRONG,WRONG,WRONG
case_081,"According to the promotional material, what is the maximum monthly return Apex Trading Solutions claims to offer?",Up to 30% per month,Apex Trading Solutions claims to offer up to 30% monthly returns.,False,False,EXACT,EXACT,EXACT
case_081,"What was the amount of the initial transfer Robert Harding made to Apex Trading Solutions, as reflected in the bank statement?",15000.00 AUD,The initial transfer to Apex Trading Solutions was 15000.00 AUD.,False,False,EXACT,EXACT,EXACT
case_081,What is the subject of the email Robert Harding sent to Apex Trading Solutions?,Withdrawal Issue,The subject of the email Robert Harding sent to Apex Trading Solutions is Withdrawal Issue.,False,False,EXACT,EXACT,EXACT
case_081,"Based on the telegram conversation, what action did Alexander advise Robert to take?","Deposit another $30,000","Alexander advised Robert to deposit another $30,000.",False,False,EXACT,EXACT,EXACT
case_081,What type of activity was flagged as suspicious in the SAR report with ID 20231215-AU-001?,"Potential investment fraud, unusual activity pattern",The report with ID 20231215-AU-001 indicated potential investment fraud and an unusual activity pattern.,False,False,EXACT,EXACT,EXACT
case_081,Which entity reported the inability to withdraw funds and initiated an investigation?,Australian Securities and Investments Commission,Australian Securities and Investments Commission reported the inability to withdraw funds and initiated an investigation.,False,False,EXACT,EXACT,EXACT
case_081,What is the account ID Robert Harding mentioned in the email regarding the withdrawal issue?,RH12345,The account ID is RH12345.,False,False,EXACT,EXACT,EXACT
case_081,What does the screenshot of the trading platform indicate about the AI algorithm’s performance?,AI Algorithm Achieves Record Profits!,The AI algorithm has achieved record profits and is predicted to generate profit growth.,False,False,PARTIAL,PARTIAL,PARTIAL
case_081,What was the total amount Robert Harding deposited into Apex Trading Solutions based on the available transaction data?,45000.00 AUD,"The promotional material mentions a limited-time offer: deposit $10,000 and receive a bonus $1,000.",False,False,WRONG,WRONG,WRONG
case_081,"According to the promotional material, what is the key technology used by Apex Trading Solutions to generate returns?",AI-powered technology,Apex Trading Solutions utilizes AI technology and proprietary algorithms to generate returns.,False,False,PARTIAL,PARTIAL,PARTIAL
case_082,"What was the initial investment amount Michael Schmidt made, according to the telegram chat?",€5000,Michael Schmidt was told that €5000 is a good starting point to see significant returns.,False,False,PARTIAL,PARTIAL,PARTIAL
case_082,What is the date of the first Suspicious Activity Report (SAR) filed concerning Michael Schmidt?,2023-12-05,"The date of the first Suspicious Activity Report is December 5, 2023.",False,False,EXACT,EXACT,EXACT
case_082,Which bank account was used as a recipient for the transfers related to this case?,GB21NWBK00000000001234,The recipient account number is GB21NWBK00000000001234.,False,False,EXACT,EXACT,EXACT
case_082,"According to the promotional email, what is the advertised potential return on investment for new investors?",Doubling their initial investments in as little as three weeks,New investors have the potential to double their initial investments in approximately three weeks.,False,False,EXACT,EXACT,EXACT
case_082,What reason was provided for the administrative fee request to Michael Schmidt?,To expedite the withdrawal process and ensure the security of funds,The administrative fee was said to be required to ensure the security of the funds and expedite the withdrawal process.,False,False,EXACT,EXACT,EXACT
case_082,Which bank is associated with the account used for the administrative fee?,Zenith Bank,Zenith Bank is associated with the account used for the administrative fee.,False,False,EXACT,EXACT,EXACT
case_082,What is the recipient country associated with the initial transfers to CryptoTrade Solutions?,United Kingdom,The recipient country is the United Kingdom.,False,False,EXACT,EXACT,EXACT
case_082,"Based on the SAR reports, what is the most significant pattern observed in Michael Schmidt’s transactions?","Multiple transfers to CryptoTrade Solutions, followed by a request for an administrative fee.",Michael Schmidt has made two transfers of 5000 EUR to CryptoTrade Solutions in the United Kingdom.,False,False,PARTIAL,PARTIAL,PARTIAL
case_082,What is the date of the last salary transaction recorded in Michael Schmidt’s bank statement?,2024-02-15,The most recent salary transaction occurred on 2024-02-15.,False,False,EXACT,EXACT,EXACT
case_082,"According to the promotional email, what is offered to new investors?",A free consultation with an expert AI trading advisor,New investors are offered a free consultation with an AI trading advisor.,False,False,EXACT,EXACT,EXACT
case_083,"According to the initial email, what is Alexander Volkov’s title at Innovative AIX?",Head of Investor Relations,Alexander Volkov is the Head of Investor Relations at Innovative AIX.,False,False,EXACT,EXACT,EXACT
case_083,What amount did Robert Miller initially indicate he wanted to invest?,"$5,000","Robert Miller indicated he wanted to invest $5,000 initially.",False,False,EXACT,EXACT,EXACT
case_083,What is the SWIFT code associated with the recipient bank for the wire transfer documented in SAR-20230901-001?,OCBCCYCY,The SWIFT code is OCBCCYCY.,False,False,EXACT,EXACT,EXACT
case_083,"What reason does Innovative AIX provide for pausing withdrawals, as stated in email_3.txt?",To protect the investment due to increased market volatility and to recalibrate AI models,"Withdrawals have been temporarily paused due to increased volatility in the market, while the company recalibrates its AI models.",False,False,EXACT,EXACT,EXACT
case_083,"Based on promotional_material_2.txt, what is one of the promises made by Innovative AIX to potential investors?",Transparent Technology,"Innovative AIX explains its AI-driven strategies in clear, understandable terms.",False,False,PARTIAL,PARTIAL,PARTIAL
case_083,What did the screenshot_website.txt reveal about the website's footer?,"It includes contact information and legal disclaimers, seemingly generic.",The footer contains contact information and legal disclaimers that appear to be standard.,False,False,PARTIAL,PARTIAL,PARTIAL
case_083,What triggered the denial of the withdrawal request according to SAR-20231015-002?,Innovative AIX denied the request without a clear explanation,The withdrawal request was denied by Innovative AIX.,False,False,PARTIAL,PARTIAL,PARTIAL
case_083,"Considering all the files, what is a potential red flag regarding Innovative AIX's operation?","Lack of transparency regarding investment strategy, offshore bank involvement, and restrictions on withdrawals.","The assertion of consistently outperforming traditional investment strategies and utilizing AI to exploit market opportunities that human traders miss could be seen as a cause for concern. Furthermore, the limited availability and exclusive access might suggest restrictions that warrant closer examination.",False,False,PARTIAL,PARTIAL,PARTIAL
case_083,"What entity is mentioned in promotional_material_3.txt, in relation to providing personalized service?",Innovative AIX,Innovative AIX is currently accepting a limited number of new investors to ensure personalized service.,False,False,PARTIAL,PARTIAL,PARTIAL
case_083,"What type of report did Robert Miller file, as documented in SAR-20231122-003?",A formal complaint with regulatory agencies,Robert Miller filed a complaint.,False,False,PARTIAL,PARTIAL,PARTIAL
case_084,"According to the promotional material, what is a key benefit of using NovaTech AI for investors?",Maximize profits with consistent returns.,NovaTech AI allows investors to maximize profits and see their portfolio grow with consistent returns.,False,False,PARTIAL,PARTIAL,PARTIAL
case_084,What is the account identifier (ID) mentioned in the withdrawal request email?,NM12345,The account identifier is NM12345.,False,False,EXACT,EXACT,EXACT
case_084,What currency is specified for the transaction amounts in the SAR reports?,EUR,The transaction amounts are specified in EUR.,False,False,EXACT,EXACT,EXACT
case_084,"Based on the email follow-up, what action was Hans Meier encouraged to take?",Click here to secure your spot now.,Hans Meier was encouraged to click a link to secure a spot.,False,False,PARTIAL,PARTIAL,PARTIAL
case_084,What is the stated governing law for the NovaTech AI platform's terms and conditions?,Belize,The agreement is governed by and interpreted in accordance with the laws of Belize.,False,False,EXACT,EXACT,EXACT
case_084,What was the Daily Profit displayed in the platform screenshot?,"€2,542.37","The Daily Profit was displayed as €2,542.37.",False,False,EXACT,EXACT,EXACT
case_084,What is the description associated with the initial deposit transaction to NovaTech AI in the SAR report?,Initial deposit to AI trading platform,"The description for the initial deposit transaction to NovaTech AI Platform is ""Initial deposit to AI trading platform"".",False,False,EXACT,EXACT,EXACT
case_084,"Besides Hans Meier, who else is mentioned in the SAR reports?","NovaTech AI Platform, Deutsche Bank, Barclays",NovaTech AI Platform is mentioned in the SAR reports.,False,False,PARTIAL,PARTIAL,PARTIAL
case_084,"What was the total amount deposited to NovaTech AI by Hans Meier, according to the provided transaction records?","€15,000","According to the transaction records, Hans Meier deposited €5000 to NovaTech AI.",False,False,WRONG,WRONG,WRONG
case_084,What unusual activity was reported by Deutsche Bank regarding the initial deposit transaction?,Unusual transaction size for customer profile,An unusual transaction size was reported for the customer's profile.,False,True,EXACT,EXACT,EXACT
case_085,"According to the initial email, what is QuantumTrade designed to do?","Generate consistent profits, even in volatile market conditions.","QuantumTrade is designed to generate consistent profits, even in volatile market conditions.",False,True,EXACT,EXACT,EXACT
case_085,"What was the initial investment amount made by Klaus Mueller, as detailed in the SAR report?",€5000.00,The initial investment amount was 5000.00 EUR.,False,False,PARTIAL,PARTIAL,PARTIAL
case_085,What is the jurisdiction listed for the receiving account in the transaction detailed in SAR 1?,Marshall Islands,The receiving account's jurisdiction is the Marshall Islands.,False,False,EXACT,EXACT,EXACT
case_085,"Based on the Telegram chat log, what was initially offered to new members of QuantumTrade?",Exclusive access to trading signals and performance updates.,New members are offered exclusive access to trading signals and performance updates.,False,True,EXACT,EXACT,EXACT
case_085,What reason is given in the SAR for the suspicious activity concerning Klaus Mueller's transaction?,"Possible Investment Fraud - Unsolicited contact, high-pressure sales tactics, promised unrealistic returns.",The suspicious activity is linked to a verification request after an initial withdrawal request.,False,False,WRONG,WRONG,WRONG
case_085,What date is mentioned in the verification email sent to Klaus Mueller?,"July 20, 2023","The verification email was sent on July 20, 2023.",False,False,EXACT,EXACT,EXACT
case_085,What document was requested from Klaus Mueller during the verification process?,A copy of his passport and proof of address.,"To proceed with the withdrawal request, verification of identity was required.",False,False,WRONG,WRONG,WRONG
case_085,What was the amount of the 'Profit Payout' received by Klaus Mueller on 2023-05-10?,€250.00,The amount of the 'Profit Payout' received by Klaus Mueller on 2023-05-10 was €250.00.,False,False,EXACT,EXACT,EXACT
case_085,"According to the promotional material, what AI technology is leveraged by QuantumTrade?",Artificial Intelligence,QuantumTrade utilizes Artificial Intelligence to generate profits for its members.,False,False,PARTIAL,PARTIAL,PARTIAL
case_085,What purpose code was associated with the initial deposit of €5000 from Klaus Mueller’s account?,0100,The purpose code associated with the initial deposit of €5000 from Klaus Mueller’s account was 0100.,False,False,EXACT,EXACT,EXACT
case_086,"What initial amount did Hans Meier invest with Innovative Profits, as recorded in the transaction details?","€5,000","The transaction details show an initial investment of €5,000.",False,False,EXACT,EXACT,EXACT
case_086,"According to the SAR reports, what is the primary reason for the Suspicious Activity flags?",Potential investment fraud. Account appears to be related to an unregulated online trading platform.,"The Suspicious Activity flags are primarily due to the account's association with an unregulated online trading platform, and in one instance, the transactions involve increasing amounts.",False,False,PARTIAL,PARTIAL,PARTIAL
case_086,What type of document requests additional information from Hans Meier regarding a withdrawal?,Email,An email requests information from Hans Meier to complete a verification process related to his withdrawal request.,False,False,PARTIAL,PARTIAL,PARTIAL
case_086,"Based on the promotional documents, what is the name of the AI trading bot used by Innovative Profits?",Athena,The AI trading bot is called 'Athena'.,False,False,EXACT,EXACT,EXACT
case_086,What is the account balance displayed on the screenshot of the trading platform?,"€17,000","The account balance is displayed as €17,000.",False,False,EXACT,EXACT,EXACT
case_086,"Besides the initial investment, what is the second largest transaction amount associated with Innovative Profits?","€10,000",A free consultation with a financial advisor is offered to those who sign up.,False,False,WRONG,WRONG,WRONG
case_086,What are the three pieces of information requested from Hans Meier to complete the verification process for his withdrawal?,"Scanned copy of passport or national ID card, recent bank statement, proof of address (utility bill or bank statement)","To complete the verification, Hans Meier needs to provide a scanned copy of his passport or national ID card, a recent bank statement, and proof of address, such as a utility bill or bank statement.",False,False,EXACT,EXACT,EXACT
case_086,Which reporting institutions filed the Suspicious Activity Reports (SARs) related to Hans Meier's transactions?,Deutsche Bank,Deutsche Bank filed the Suspicious Activity Reports.,False,False,EXACT,EXACT,EXACT
case_086,"According to promotional material, what is a potential benefit customers might receive when signing up?",A FREE consultation with an expert financial advisor,Customers may experience returns like they’ve never seen before and achieve their financial goals.,False,False,WRONG,WRONG,WRONG
case_086,When was the first Suspicious Activity Report (SAR) filed?,2023-10-05,The first Suspicious Activity Report (SAR) was filed on 2023-10-05.,False,False,EXACT,EXACT,EXACT
case_087,What is the account number associated with David Miller's withdrawal request?,1234567890,The account number associated with the withdrawal request is 1234567890.,False,False,PARTIAL,PARTIAL,PARTIAL
case_087,"According to the SAR, which entity transferred $35,000 to the Marshall Islands Holding Company?",Global Finance International,"Forex Global Elite transferred $35,000 to the Marshall Islands Holding Company.",False,False,WRONG,WRONG,WRONG
case_087,What promotional offer was being advertised by Forex Global Elite?,A 100% bonus on the first deposit.,A 100% bonus is being offered on the first deposit.,False,False,EXACT,EXACT,EXACT
case_087,"Based on the screenshot of the trading platform, what is the current account balance?","$37,500.00 CAD","The account balance is $37,500.00 CAD.",False,False,EXACT,EXACT,EXACT
case_087,What initial balance did Sergei Volkov have in his bank account?,100000.00,The provided information does not specify the initial balance of Sergei Volkov's bank account.,False,False,WRONG,WRONG,WRONG
case_087,Which entity is mentioned in the SAR related to Serbia?,Global Finance International,Global Finance International is mentioned in the SAR related to Serbia.,False,False,EXACT,EXACT,EXACT
case_087,What type of descriptions are used for the deposit transactions in David Miller’s bank statement?,Forex Global Elite Deposit,The deposit transactions in David Miller’s bank statement have descriptions indicating a deposit from a Crypto Exchange or from Forex Global Elite.,False,False,PARTIAL,PARTIAL,PARTIAL
case_087,"According to the SAR, what is the primary suspicious activity associated with Sergei Volkov's account?","Receiving large sums from a Canadian investor, minimal activity beyond deposits and transfers.","The account is flagged for receiving large sums from a Canadian investor, with activity primarily consisting of deposits and transfers.",False,False,EXACT,EXACT,EXACT
case_087,What is the timestamp shown on the screenshot of the trading platform?,14:35 GMT+2,The current time is displayed as 14:35 GMT+2.,False,False,EXACT,EXACT,EXACT
case_087,What currencies were involved in the open positions displayed in the screenshot of the trading platform?,EUR/USD and GBP/JPY,The open positions involve EUR/USD and GBP/JPY.,False,False,EXACT,EXACT,EXACT
case_088,What was the invoice number associated with the payments to Apex Trading Ltd?,12345,The invoice number associated with the payments to Apex Trading Ltd was 12345.,False,False,EXACT,EXACT,EXACT
case_088,"According to the compromised account log, what action was performed immediately after a password change?",A new vendor 'Apex Trading Ltd' was added to the vendor list,"A new vendor, 'Apex Trading Ltd', was added to the vendor list.",True,True,EXACT,EXACT,EXACT
case_088,Which country is listed as the receiver country for the transactions involving Apex Trading Ltd?,Hong Kong,Hong Kong.,True,True,EXACT,EXACT,EXACT
case_088,What type of fraudulent activity is initially suspected in SAR-20240727-004?,Business Email Compromise (BEC) fraud,The investigation indicates a potential Business Email Compromise (BEC) attack.,False,False,PARTIAL,PARTIAL,PARTIAL
case_088,What is the amount of the transaction in SAR-20240726-003?,0.00,The transaction amount is 0.00 USD.,False,False,PARTIAL,PARTIAL,PARTIAL
case_088,"According to the promotional email, what benefit does Apex Trading Ltd. offer to potential clients?",Exclusive rates and personalized support,Apex Trading Ltd. provides opportunities for business expansion in international markets by streamlining trade and logistics and connecting clients with customers globally.,False,False,WRONG,WRONG,WRONG
case_088,What is the total amount credited to Global Tech Systems' account from Apex Trading Ltd. based on the bank statements?,187500.00,The total amount credited to an account from Apex Trading Ltd. is 62500.00 USD.,False,False,WRONG,WRONG,WRONG
case_088,What is the description provided for the suspicious activity in SAR-20240111-002?,Multiple SARs filed for similar transactions to Apex Trading Ltd. Further investigation required.,Multiple SARs have been filed for transactions similar to those involving Apex Trading Ltd. Additional investigation is needed.,False,False,PARTIAL,PARTIAL,PARTIAL
case_088,What does the screenshot of the website indicate about Apex Trading Ltd.?,"It has a professional design, client testimonials, and contact information.","The website has a modern, professional design with a blue and white color scheme. It includes client testimonials and case studies, and offers a way to contact the company via a form, phone number, or email address.",False,False,PARTIAL,PARTIAL,PARTIAL
case_088,"According to the invoice, what is the total amount billed for Consulting Services?",$50000.00,The total amount billed for Consulting Services is $50000.00.,False,False,EXACT,EXACT,EXACT
case_089,"According to the SAR report, what was the initial unusual characteristic detected regarding David Miller's transaction?",Unusual transaction amount for customer profile. Requires further investigation.,The transaction amount was unusual for the customer's profile.,False,False,PARTIAL,PARTIAL,PARTIAL
case_089,"What country is associated with the recipient bank, Offshore Global Bank?",Belize,Belize.,True,True,EXACT,EXACT,EXACT
case_089,"What was the approximate percentage increase in David Miller's portfolio, as claimed in email_2.txt?",12.5%,The portfolio experienced a 12.5% increase this month.,False,False,EXACT,EXACT,EXACT
case_089,"Based on the bank statements, what was the total amount David Miller transferred to AI Prosper Investments Ltd?",7500.00,There is no mention of bank statements or any transfer amounts in the provided information.,False,False,WRONG,WRONG,WRONG
case_089,"What action was taken regarding David Miller's withdrawal request, according to sar_2.xml?",Withdrawal request denied by AI Prosper. Customer reported inability to access funds.,The withdrawal request was denied by AI Prosper. The customer reported being unable to access funds.,False,True,EXACT,EXACT,EXACT
case_089,What entities are named as the recipient of funds in the transaction records?,AI Prosper Investments Ltd,AI Prosper Investments Ltd. and AI Prosper Investments Ltd. are named as the recipient of funds.,False,False,PARTIAL,PARTIAL,PARTIAL
case_089,"What other currencies, if any, are explicitly mentioned in the case files?",None,The case files mention the Australian Dollar.,False,False,WRONG,WRONG,WRONG
case_089,What potential fraudulent activities are highlighted in SAR-20230525-003?,Multiple transfers to offshore accounts in Belize and Seychelles. Potential involvement of cryptocurrency transactions.,"The customer reports being defrauded by AI Prosper Investments Ltd. and is unable to withdraw funds. There are also multiple transfers to offshore accounts in Belize and Seychelles, and potential involvement of cryptocurrency transactions.",False,False,PARTIAL,PARTIAL,PARTIAL
case_089,"According to the promotional text, what is one of the key benefits offered by AI Prosper to investors?",Passive Income,"One of the key benefits is the ability to earn money without active management, providing passive income.",False,False,PARTIAL,PARTIAL,PARTIAL
case_089,Which entities are mentioned in the email from the fraud department?,"Global Bank Fraud Department, AI Prosper Investments Ltd",The email mentions AI Prosper Investments Ltd and Global Bank.,False,False,PARTIAL,PARTIAL,PARTIAL
case_090,"According to the SAR reports, what is the primary reason for the initial suspicious activity?",Unusually large initial transfer to a newly established online investment platform.,The initial suspicious activity is due to an unusually large transfer to a newly established online investment platform.,False,False,EXACT,EXACT,EXACT
case_090,"What was the initial deposit amount made by Mark Hamilton to Aionautics Trading, as indicated in the SAR reports?","$20,000.00",The initial deposit amount was 20000.00 CAD.,False,False,PARTIAL,PARTIAL,PARTIAL
case_090,"Based on the promotional material, what is the minimum investment required to utilize Aionautics Trading's AI technology?","$20,000","The minimum investment is $20,000.",False,False,EXACT,EXACT,EXACT
case_090,What service did Mark Hamilton seek from Aionautics Trading support after experiencing issues accessing his account?,Regaining access to his account,Mark Hamilton was unable to access his account and needed assistance to regain access. He had already attempted to reset his password multiple times and tried contacting his account manager.,False,False,PARTIAL,PARTIAL,PARTIAL
case_090,What is the subject line of the email Mark Hamilton sent to Aionautics Trading support?,Unable to access my account,"The subject line of the email Mark Hamilton sent to Aionautics Trading support is ""Unable to access my account"".",False,False,EXACT,EXACT,EXACT
case_090,What date does the SAR report concerning Mark Hamilton’s initial deposit (SAR-20230401-001) indicate?,2023-04-01,"The SAR report indicates April 1, 2023 as the date of the initial deposit.",False,False,PARTIAL,PARTIAL,PARTIAL
case_090,What details are provided in the screenshot description regarding the appearance of the Aionautics Trading website?,"Modern, clean design with a dark blue and white color scheme. Prominent use of AI and robotics imagery.","The website has a modern, clean design utilizing a dark blue and white color scheme. There's a prominent use of AI and robotics imagery. A large logo and tagline are present in the header, and the footer includes copyright information, a privacy policy link, and contact details.",False,False,PARTIAL,PARTIAL,PARTIAL
case_090,"Considering the telegram chat export and the SAR reports, what happened after Mark Hamilton’s initial deposit and first withdrawal?",Mark Hamilton was unable to contact his account manager and experienced difficulties accessing the platform.,"Following Mark Hamilton's initial deposit of $20,000, his AI bot was activated, and he viewed his dashboard. Later, on June 10, 2023, his AI bot was performing well, and he initiated a withdrawal of $5000. Subsequently, Mark Hamilton attempted to contact Alex but was unable to reach him.",False,False,PARTIAL,PARTIAL,PARTIAL
case_090,"According to the promotional material, what is Aionautics Trading’s claim about the win rate of its AI trading bots?",97%,The promotional material states that the AI trading bots have a 97% win rate.,False,False,EXACT,EXACT,EXACT
case_090,What is the sequence of events described in the telegram chat export relating to Mark Hamilton’s initial interaction with Alex?,"Alex welcomed Mark, informed him of the $20,000 minimum deposit, confirmed the deposit receipt, and later mentioned exceptionally good bot performance before processing a withdrawal.","Mark was welcomed by Alex, who is his account manager, to the Aionautics Trading community. Alex explained that Mark needed to deposit funds, with a minimum of $20,000, to begin his AI trading journey. Mark confirmed that this sounded good.",False,False,PARTIAL,PARTIAL,PARTIAL
case_091,"According to the initial email, what is a key characteristic of the AI trading system offered by Secure Investments?",Generates consistent profits for investors.,"The system uses proprietary algorithms that analyze market trends with remarkable precision, producing consistent profits for investors.",False,False,PARTIAL,PARTIAL,PARTIAL
case_091,"What was the amount of the initial transaction reported in the SAR, and what was its description?","5000.00 EUR, Payment to Secure Investments",The initial transaction involved 5000.00 EUR and was described as a payment to Secure Investments.,False,False,PARTIAL,PARTIAL,PARTIAL
case_091,"Based on promotional material, what is one benefit offered to individuals who join the VIP program?",Access to our most profitable AI models,Members of the VIP program receive priority processing for withdrawals.,False,False,WRONG,WRONG,WRONG
case_091,What actions did Secure Investments request from Klaus to reactivate his account?,"Proof of identity (copy of passport or driver’s license), Proof of address (utility bill or bank statement), Detailed explanation of your investment history","To reactivate the account, Klaus needs to provide a copy of his passport or driver’s license, a utility bill or bank statement, and a detailed explanation of his investment history.",False,False,EXACT,EXACT,EXACT
case_091,What was the account balance displayed in the screenshot of the trading platform?,€5750.00,The account balance shown was €5750.00.,False,False,EXACT,EXACT,EXACT
case_091,What is the domain name displayed at the top left corner of the screenshot of the trading platform?,secureinvestments.co,The website address displayed in the top left corner shows secureinvestments.co.,False,False,EXACT,EXACT,EXACT
case_091,What did the second SAR (SAR-20231206-002) identify as a suspicious activity?,"Fabricated profit statement, lack of transparency","The suspicious activity identified was possible investment fraud, specifically a fabricated profit statement and a lack of transparency.",False,False,PARTIAL,PARTIAL,PARTIAL
case_091,What reason did Secure Investments provide for the temporary suspension of Klaus's trading privileges?,Suspicious activity on your account,Suspicious activity on the account led to the temporary suspension of trading privileges.,False,False,PARTIAL,PARTIAL,PARTIAL
case_091,"Based on the bank statements, what was Klaus’s salary?",2500.00,Klaus’s salary was 2500.00 EUR.,False,False,PARTIAL,PARTIAL,PARTIAL
case_091,Which entity is mentioned in the promotional material but not the SAR reports?,None,There are no entities mentioned in promotional material.,False,False,PARTIAL,PARTIAL,PARTIAL
case_092,What is the initial minimum investment amount required by AI Global Trading?,"€5,000","The minimum investment amount is €5,000.",False,False,EXACT,EXACT,EXACT
case_092,"According to promotional material, what is one potential benefit of using AI Global Trading's system?",Automated Trading – No experience needed!,"The system has the potential to generate consistent profits, even when markets are unpredictable.",False,False,WRONG,WRONG,WRONG
case_092,What is the withdrawal fee associated with AI Global Trading?,1%,A 1% withdrawal fee applies to all withdrawals.,False,False,EXACT,EXACT,EXACT
case_092,What country is identified as the recipient country for the initial transaction to AI Global Trading?,United Arab Emirates,The recipient country is Germany.,False,False,WRONG,WRONG,WRONG
case_092,What is the IBAN associated with the initial transfer to AI Global Trading?,AE1205000000000000012345,The IBAN associated with the initial transfer to AI Global Trading is AE1205000000000000012345.,False,False,EXACT,EXACT,EXACT
case_092,Which individual is offered a call to discuss investment strategy?,Mr. Adebayo,Mr. Adebayo is the individual offered a call to discuss investment strategy.,False,False,EXACT,EXACT,EXACT
case_092,What is the total amount of the second recorded transaction involving Hans Meier?,€7500.00,The second recorded transaction involving Hans Meier was for an amount of 5000.00 EUR.,False,False,PARTIAL,PARTIAL,PARTIAL
case_092,What concerning development did Deutsche Bank note regarding Hans Meier's withdrawal attempt?,Withdrawal request repeatedly denied. Customer reports difficulties accessing funds.,"The withdrawal request was repeatedly denied, and the customer reported difficulties accessing funds.",False,True,EXACT,EXACT,EXACT
case_092,"Based on the SAR reports, what is the primary concern regarding AI Global Trading?","Potential investment scam – unusually high returns promised, limited information available about the company.","The website aims for a professional appearance, but the testimonials displayed are likely fabricated.",False,False,PARTIAL,PARTIAL,PARTIAL
case_092,What is the phone number listed for contact in one of the promotional materials?,+234-700-123-4567,The phone number is +234-700-123-4567.,False,False,EXACT,EXACT,EXACT
case_093,What is the date of birth of the subject of the Suspicious Activity Report?,1968-07-10,The subject's date of birth is 1968-07-10.,False,False,EXACT,EXACT,EXACT
case_093,"According to the emails, what is claimed to be a key advantage of the Apex Trading Solutions platform?",AI-powered platform is revolutionizing the way people invest.,The platform utilizes artificial intelligence to transform investment strategies.,False,False,PARTIAL,PARTIAL,PARTIAL
case_093,What is the IBAN used for the transfers to Apex Trading Solutions?,SC05XXXXXXX,The IBAN used for the transfers to Apex Trading Solutions is SC05XXXXXXX.,False,False,EXACT,EXACT,EXACT
case_093,What is the total amount transferred to Apex Trading Solutions based on the three SARs?,9000.00,The total amount transferred to Apex Trading Solutions is 4000.00 EUR.,False,False,WRONG,WRONG,WRONG
case_093,What is the initial recommendation given to Klaus Hartmann in the second email regarding maximizing returns?,Increasing your investment.,"To maximize returns, it is recommended to increase the investment.",False,False,EXACT,EXACT,EXACT
case_093,"Based on the promotion text, what is claimed as a key benefit of using Apex Trading Solutions?",Potential for High Returns,Apex Trading Solutions utilizes advanced AI algorithms to recognize and carry out lucrative trades.,False,False,PARTIAL,PARTIAL,PARTIAL
case_093,What reason is given for the temporary suspension of Klaus Hartmann's withdrawal request?,Ongoing security updates,The withdrawal request has been temporarily suspended due to ongoing security updates.,False,False,EXACT,EXACT,EXACT
case_093,What specific type of activity prompted the email requesting verification of identity from Klaus Hartmann?,Unusual activity on your account,"Unusual activity was detected on the account, which prompted the request for verification of identity.",False,False,PARTIAL,PARTIAL,PARTIAL
case_093,"According to the website screenshot, what visual element is used to suggest profitability?","Live trading graph, showing rapid and seemingly consistent upward movement.","A live trading graph is displayed, showing rapid and seemingly consistent upward movement.",False,True,EXACT,EXACT,EXACT
case_093,"Besides Klaus Hartmann's address, what other personal information is included in the SAR?",Date of Birth,"The SAR includes Klaus Hartmann's date of birth, which is 1968-07-10, and his name.",False,False,PARTIAL,PARTIAL,PARTIAL
case_094,What type of activity was initially flagged by the Bank of Australia regarding David Miller's transactions?,Unusual Transaction Pattern,The activity was flagged as an unusual transaction pattern.,False,False,EXACT,EXACT,EXACT
case_094,"According to the promotional material, what is the primary benefit of using AI Trading Solutions?",To earn passive income while focusing on other matters.,The primary benefit is the ability to earn passive income while focusing on other priorities.,False,False,PARTIAL,PARTIAL,PARTIAL
case_094,"In what country is the recipient bank (Atlantic Bank) located, as indicated in the SAR reports?",Belize,"The recipient bank, Atlantic Bank, is located in Belize.",False,False,EXACT,EXACT,EXACT
case_094,What was the total amount of money David Miller transferred to Global Investments Ltd across the two transactions detailed in the SAR?,20000,David Miller transferred 8000 USD to Global Investments Ltd.,False,False,PARTIAL,PARTIAL,PARTIAL
case_094,What action did AI Trading Solutions request from David Miller after he requested a withdrawal?,A copy of his government-issued identification,AI Trading Solutions asked David Miller to respond to the email with a copy of his government-issued identification.,False,False,PARTIAL,PARTIAL,PARTIAL
case_094,"Based on the screenshot description, what is displayed on the trading platform’s interface regarding profit generation?",AI Profit Generator Active - Current Profit: +12.5%,The trading platform shows a message indicating that the AI Profit Generator is active and currently generating a profit of +12.5%.,False,False,EXACT,EXACT,EXACT
case_094,What is the main concern raised by the Australian Financial Authority regarding AI Trading Solutions in SAR_3?,Suspected of operating an investment fraud scheme targeting individuals with promises of high returns through AI trading.,The Australian Financial Authority suspects that AI Trading Solutions is operating an investment fraud scheme targeting individuals with promises of high returns through AI trading.,False,False,EXACT,EXACT,EXACT
case_094,"Which of the following entities are mentioned in at least one email? Select all that apply: David Miller, Atlantic Bank, Global Investments Ltd, Australian Financial Authority.","David Miller, Global Investments Ltd","David Miller, Atlantic Bank, and Global Investments Ltd are mentioned.",False,False,PARTIAL,PARTIAL,PARTIAL
case_094,What is the time zone associated with the AI Trading Solutions platform as indicated by the screenshot?,Georgia (UTC+4),The screenshot shows a time zone consistent with Georgia (UTC+4).,False,False,PARTIAL,PARTIAL,PARTIAL
case_094,"According to promotional material 2, what is the level of expertise behind AI trading solutions?",A team of expert financial engineers,The platform is supported by a team of expert financial engineers.,False,False,PARTIAL,PARTIAL,PARTIAL
case_095,"According to the initial welcome email, what is the primary function of the AI algorithms used by AI Profit Solutions?",To maximize investment returns.,The AI algorithms are designed to maximize investment returns.,False,False,EXACT,EXACT,EXACT
case_095,What is the description associated with the initial investment transaction (TXN-001) in the first SAR file?,Initial Investment,"The initial investment transaction (TXN-001) is described as ""Initial Investment"".",False,False,PARTIAL,PARTIAL,PARTIAL
case_095,What date was the initial investment transaction (TXN-001) made?,2023-09-01,"The initial investment transaction (TXN-001) occurred on September 1st, 2023.",False,False,PARTIAL,PARTIAL,PARTIAL
case_095,What action was attempted by Markus Baumann in the second SAR file and why was it denied?,Withdrawal Attempt Denied; concerns raised about platform legitimacy.,"Markus Baumann attempted a withdrawal, but it was denied. The reason given was concerns about the platform's legitimacy.",False,False,PARTIAL,PARTIAL,PARTIAL
case_095,"According to promotional material, what is a key feature of AI Profit Solutions that differentiates it from traditional investing?",Automated Trading,"AI Profit Solutions utilizes artificial intelligence to generate returns, which is a departure from traditional investing methods.",False,False,PARTIAL,PARTIAL,PARTIAL
case_095,"Based on the screenshot of the website, what is a prominent visual element used to promote AI Profit Solutions?",Charts displaying upward trends,Charts displaying upward trends are featured prominently to promote AI Profit Solutions.,False,False,EXACT,EXACT,EXACT
case_095,What unusual activity prompted the verification email sent to Markus Baumann?,Unusual activity on his account.,Unusual activity was detected on the recipient's account.,False,False,PARTIAL,PARTIAL,PARTIAL
case_095,What is the supposed balance of Markus Baumann’s AI Profit Solutions account according to email_2.txt?,"€7,850","The account balance is €7,850.",False,False,EXACT,EXACT,EXACT
case_095,"Which entity sent a payment of 500 EUR to Markus Baumann, as described in SAR_3.xml?",AI Profit Solutions,AI Profit Solutions sent a payment of 500 EUR to Markus Baumann.,False,False,PARTIAL,PARTIAL,PARTIAL
case_095,"What is the intended outcome, as stated in promotional material_3.txt, for those who sign up for AI Profit Solutions?",Start building your financial empire,Those who sign up will start building their financial empire.,False,False,EXACT,EXACT,EXACT
case_096,"What was the initial amount of the investment made by David Miller to AI Trading Pro, according to the transaction history?",10000 USD,"The provided information does not specify the initial investment amount made by David Miller. It only shows a net profit of $1,258.72 USD for the day, along with details of several automated trades.",False,False,WRONG,WRONG,WRONG
case_096,"According to the promotional material, what is the key selling point of AI Trading Pro?",It uses artificial intelligence to identify and capitalize on market opportunities 24/7,The AI trading platform identifies and capitalizes on market opportunities around the clock.,False,False,PARTIAL,PARTIAL,PARTIAL
case_096,What is the primary reason cited by the Commonwealth Bank of Australia in SAR-20231205-001 for flagging the transaction as suspicious?,Unusual large transfer to an overseas entity with unclear business purpose,The transaction was flagged due to an unusual large transfer to an overseas entity with an unclear business purpose.,False,False,EXACT,EXACT,EXACT
case_096,"Based on the AI Trading Pro platform screenshot description, what disclaimer is displayed to users?",Simulated Results. Past performance is not indicative of future results.,The screenshot includes a disclaimer that reads: 'Simulated Results. Past performance is not indicative of future results.',False,False,EXACT,EXACT,EXACT
case_096,What potential return percentages were advertised to David Miller in email_followup_1.txt?,15-20% per month,The email mentions clients are experiencing average returns of 15-20% per month.,False,False,PARTIAL,PARTIAL,PARTIAL
case_096,"According to the SAR-20240201-003, what further action is warranted regarding the recipient’s business?",Further investigation warranted regarding the recipient's business operations and legitimacy.,Further investigation is warranted regarding the recipient's business operations and legitimacy.,False,True,EXACT,EXACT,EXACT
case_096,What country is associated with AI Trading Pro Ltd as the beneficiary party in the SAR reports?,AE (United Arab Emirates),AI Trading Pro Ltd is associated with the country AE.,False,False,EXACT,EXACT,EXACT
case_096,What is the purpose of the complimentary consultation offered to David Miller in email_followup_1.txt?,To help you get started,The complimentary consultation is intended to help David Miller get started.,False,False,PARTIAL,PARTIAL,PARTIAL
case_096,"What are the timezones mentioned in the screenshot of the AI trading platform, and what implication does that have?",The timestamps are consistently 8-12 hours ahead of Australian Eastern Standard Time.,"The timestamps on the transactions are ahead of Australian Eastern Standard Time. The platform dashboard displays account balances in several currencies, including USD, EUR, GBP, BTC, and ETH.",False,False,PARTIAL,PARTIAL,PARTIAL
case_096,Which entities are associated with receiving deposits from David Miller in the bank statements?,AI Trading Pro Ltd,AI Trading Pro Ltd and AI Trading Pro are associated with receiving deposits from David Miller.,False,False,PARTIAL,PARTIAL,PARTIAL
case_097,"What is the minimum investment amount required to participate in the Forex trading program, according to the initial email?","€5,000","The minimum investment is €5,000.",False,False,EXACT,EXACT,EXACT
case_097,"What is the phone number provided for contacting the account manager, James?",+1-555-123-4567,The phone number for contacting a dedicated account manager is +1-555-123-4567.,False,False,PARTIAL,PARTIAL,PARTIAL
case_097,"Based on the SARs, which jurisdiction is listed as the receiver's jurisdiction for the wire transfers?",Belize,Belize is listed as the receiver's jurisdiction for the wire transfers.,False,False,EXACT,EXACT,EXACT
case_097,"According to the promotional material, what is one potential benefit of leveraging capital in Forex trading?",Benefit from 24/7 market access,Forex trading can provide the potential for incredible returns.,False,False,WRONG,WRONG,WRONG
case_097,"What is the performance fee charged on all profits, as stated in the Terms and Conditions?",10%,A 10% performance fee is charged on all profits.,False,False,EXACT,EXACT,EXACT
case_097,"According to the screenshot of the website, what is prominently displayed as a headline?",Unlock Your Forex Potential,"The headline reads ""Unlock Your Forex Potential"".",False,False,EXACT,EXACT,EXACT
case_097,"What is the total amount of money Karl Meier transferred to Global Capital Group, according to the provided bank statements and SARs?",€25000,"Karl Meier transferred €5,000 EUR to Global Capital Group.",False,False,PARTIAL,PARTIAL,PARTIAL
case_097,"In the email urgently advising further investment, what additional amount is Karl Meier advised to invest?","€10,000","Karl Meier is advised to invest an additional €10,000.",False,False,EXACT,EXACT,EXACT
case_097,What finding was included in SAR-20230922-003 regarding Karl Meier’s actions?,Failed withdrawal request. Client reported inability to access funds. Potential fraud.,"A failed withdrawal request occurred, and the client reported an inability to access funds, suggesting potential fraud.",False,True,PARTIAL,PARTIAL,PARTIAL
case_097,Which entity appears as the reporting institution in all three SAR reports?,Deutsche Bank,Deutsche Bank is the reporting institution in all reports.,False,False,EXACT,EXACT,EXACT
case_098,"According to the email from AI Trading Solutions, what technology is the Alpha AI Trading System said to leverage?",Advanced artificial intelligence,The Alpha AI Trading System utilizes advanced artificial intelligence to recognize and profit from trading opportunities within the cryptocurrency market.,False,False,PARTIAL,PARTIAL,PARTIAL
case_098,What specific concern about the Alpha AI Trading System did Klaus Schmidt initially express in his email to AI Trading Solutions?,He wanted to understand the withdrawal process better.,Klaus Schmidt wanted to know more about the withdrawal process and when he could expect to receive his funds.,False,False,PARTIAL,PARTIAL,PARTIAL
case_098,What country is listed as the location of 'Global Investments Ltd.' in the SAR reports?,Belize,Belize is listed as the country for 'Global Investments Ltd.'.,False,False,EXACT,EXACT,EXACT
case_098,What was the description given for the transaction of EUR 10000 in SAR-20231115-001?,Investment in AI Trading Platform,The transaction was described as an investment in an AI trading platform.,False,False,EXACT,EXACT,EXACT
case_098,"Based on the bank statement, what was the description of the transaction occurring on 2023-09-01?",Investment in AI,The transaction occurring on 2023-09-01 was an investment in AI.,False,False,EXACT,EXACT,EXACT
case_098,What did the Telegram conversation reveal about the reason for the victim's request for additional investment?,To unlock the withdrawal function,"The victim was told that a minimum balance was needed to unlock the ability to withdraw profits. To reach that balance, an investment of 1000 EUR was suggested. Later, when the victim attempted to withdraw, they were told there was a technical issue, and were encouraged to invest more to increase profits while the problem was being resolved.",False,False,PARTIAL,PARTIAL,PARTIAL
case_098,What visual elements were prominent in the screenshot of the AI Trading Platform?,"A graph displaying an ascending 'AI Profit Curve,' buttons labeled 'Invest Now,' 'Auto-Trade,' and 'Withdraw (Locked),' and a banner reading 'Alpha AI: Generating Wealth, Automatically.'","The screenshot features a graph displaying an 'AI Profit Curve,' buttons for 'Invest Now,' 'Auto-Trade,' and 'Withdraw (Locked),' and a text box indicating 'Current Profit: €18,500.00.' A banner proclaims 'Alpha AI: Generating Wealth, Automatically,' and the platform's logo, which is a stylized brain with binary code, is also visible. Fake news articles are shown on the right sidebar.",False,False,PARTIAL,PARTIAL,PARTIAL
case_098,Which entities are involved in transactions described as 'Withdrawal request' in the bank statements and SAR reports?,Klaus Schmidt and Global Investments Ltd.,"The entities involved in the transaction described as 'Withdrawal request' are Klaus Schmidt, Global Investments Ltd., and Deutsche Bank.",False,False,PARTIAL,PARTIAL,PARTIAL
case_098,What description was provided for the EUR 1000 transaction in SAR-20240301-003?,Additional investment to unlock higher profits,"The description for the EUR 1000 transaction was ""Additional investment to unlock higher profits.""",False,False,EXACT,EXACT,EXACT
case_098,"What was the outcome of Klaus Schmidt's attempt to withdraw funds, as documented in SAR-20240215-002?","Request for withdrawal denied by platform, customer unable to access funds.","The request for withdrawal was denied by the platform, and the customer was unable to access the funds.",False,True,EXACT,EXACT,EXACT
case_099,What initial amount did Ulrich Baumann invest according to the Telegram chat logs?,"€15,000","Ulrich Baumann began with a minimum investment of €15,000.",False,False,EXACT,EXACT,EXACT
case_099,"According to the SAR reports, which country is associated with Prime Global Investments Ltd.?",South Africa,Prime Global Investments Ltd. is associated with South Africa.,False,False,EXACT,EXACT,EXACT
case_099,What was the stated reason for the international money transfers according to the descriptions in the SARs?,International Money Transfer,"The descriptions state the international money transfers were for ""International Money Transfer.""",False,False,PARTIAL,PARTIAL,PARTIAL
case_099,"Based on the promotional material, what is the key selling point of AI-Profit-Solutions?",AI trading algorithms,The key selling point is the use of AI to generate wealth and investment returns.,False,False,PARTIAL,PARTIAL,PARTIAL
case_099,"What was the purpose of the second international transfer of €5000, as indicated in SAR 2?",Linked to initial investment,The transfer was described as an international money transfer.,False,False,WRONG,WRONG,WRONG
case_099,What was the name of the company that received the €5000 transfer for the withdrawal fee?,Global Processing Solutions,The bank statement shows a money transfer of €5000.00 with the IBAN DE12345678901234567890.,False,False,WRONG,WRONG,WRONG
case_099,What is the balance displayed on the screenshot of the trading platform?,"$54,789.32","The balance shown is $54,789.32.",False,False,EXACT,EXACT,EXACT
case_099,"According to Ulrich Baumann's email, what issue is he experiencing?",Trouble withdrawing his funds,Ulrich Baumann is having trouble withdrawing his funds.,False,False,EXACT,EXACT,EXACT
case_099,What disclaimer is included in the promotional material?,Results not typical. See terms and conditions.,There is no disclaimer included in the promotional material.,False,False,WRONG,WRONG,WRONG
case_099,What is the Risk Level associated with the second unusual international transfer in SAR 2?,High,The risk level is High.,False,False,EXACT,EXACT,EXACT
case_100,"According to the welcome email, what is Forex Alpha offering to new traders?","Tools, knowledge, and support to succeed in the Forex market.","Forex Alpha offers tools, knowledge, and support to help traders succeed and unlock the potential of the Forex market. Expert mentors are available to provide guidance.",False,False,PARTIAL,PARTIAL,PARTIAL
case_100,What promotional claim suggests unusually high potential returns?,Earn up to 5% Daily!,The promotional material mentions the potential to earn up to 5% daily.,False,False,EXACT,EXACT,EXACT
case_100,"What is the initial amount invested by Hans Meier, according to the SAR report?",15000.00 EUR,The SAR report indicates that an additional 5000 EUR was transferred.,False,False,WRONG,WRONG,WRONG
case_100,What is the date of the first SAR report?,2023-11-18,The date of the first SAR report is 2023-11-18.,False,False,EXACT,EXACT,EXACT
case_100,What action did Hans Meier request from Forex Alpha?,"To increase his investment to a total of 20,000 EUR.",Hans Meier requested to withdraw funds from his account.,False,False,WRONG,WRONG,WRONG
case_100,What does the screenshot show regarding Hans Meier's account?,"A fabricated account balance of 28,750 EUR with profitable trades.","The screenshot depicts an account balance of 28,750 EUR for Hans Meier, and it includes a trade history with several profitable trades.",False,False,EXACT,EXACT,EXACT
case_100,What fee was requested from Hans Meier before his withdrawal could be processed?,10%,A 10% fee is required before the withdrawal can be processed.,False,False,EXACT,EXACT,EXACT
case_100,What is the purpose of the third SAR report?,To report a 5000 EUR transfer from Hans Meier as a withdrawal fee.,"The SAR report documents a customer transferring 5000 EUR to Forex Alpha Ltd. as a withdrawal fee, following a request from that company. It suggests an attempt to extract more funds and recommends further investigation.",False,False,PARTIAL,PARTIAL,PARTIAL
case_100,"Based on the promotional material, what is promised to customers joining the program?",Huge returns.,"Customers who join the program can expect substantial returns, potentially up to 5% daily. They are also offered risk-free trading and access to an exclusive community.",False,False,PARTIAL,PARTIAL,PARTIAL
case_100,What is the email server location for the initial welcome email?,Belize,The email was sent from a server in Belize.,False,False,PARTIAL,PARTIAL,PARTIAL
